,Unnamed: 0,RNTI,numDLTotal,numDLnew,numReTx_DL,avgMCS_DL,numULTotal,numULnew,numReTx_UL,avgMCS_UL,DL_throughput_bits,DL_goodput_bits,UL_throughput_bits,UL_goodput_bits,TTI,PulseBWoffset,numRBs,NumFrames,pulseAttenuation,prf,FreqOffset,PulseWidth,BW,DL_throughput_bps,DL_goodput_bps,UL_throughput_bps,UL_goodput_bps,DLReTxPrcnt,ULReTxPrcnt
0,9.5,10.5,51.75,49.5,2.25,24.377500000000005,11.05,9.1,1.95,26.3435,187528.8,179862.4,48854.8,40189.6,14.0,0.0,51.0,5.0,0.0,330.0,0.0,5e-05,20000000.0,3750576.0,3597248.0,977096.0,803792.0,0.04282120847048702,0.16115384615384615
1,29.5,10.5,160.0,160.0,0.0,24.1405,93.6,90.5,3.1,26.034999999999997,24834.8,24834.8,31414.4,30571.2,2.0,0.0,51.0,5.0,0.0,70.0,0.0,5e-05,20000000.0,496696.0,496696.0,628288.0,611424.0,0.0,0.033001531115470294
2,49.5,10.5,94.15,78.4,15.75,24.274,28.05,26.75,1.3,26.256999999999998,162714.4,134148.8,52956.4,50290.0,7.0,0.0,51.0,5.0,0.0,290.0,0.0,5e-05,20000000.0,3254288.0,2682976.0,1059128.0,1005800.0,0.165007135548342,0.045452472176610095
3,69.5,10.5,49.15,34.55,14.6,24.2035,10.2,6.2,4.0,26.2295,166896.8,115876.8,44647.2,27185.2,14.0,0.0,51.0,5.0,0.0,570.0,0.0,5e-05,20000000.0,3337936.0,2317536.0,892944.0,543704.0,0.2921257263130603,0.3526544289044289
4,89.5,10.5,159.1,126.45,32.65,24.274500000000003,49.8,41.9,7.9,26.197999999999997,108762.8,84067.2,43027.6,35353.6,4.0,0.0,51.0,5.0,0.0,690.0,0.0,5e-05,20000000.0,2175256.0,1681344.0,860552.0,707072.0,0.2051692365460375,0.1570442595339046
5,109.5,10.5,49.7,36.75,12.95,24.182499999999997,11.3,10.25,1.05,26.2365,167767.2,124801.6,49990.0,45232.8,14.0,0.0,51.0,5.0,0.0,350.0,0.0,5e-05,20000000.0,3355344.0,2496032.0,999800.0,904656.0,0.256674384167337,0.09053613053613051
6,129.5,10.5,160.0,146.5,13.5,24.311,49.25,40.5,8.75,26.2335,105119.6,96316.4,42736.8,34186.0,4.0,0.0,51.0,5.0,0.0,460.0,0.0,5e-05,20000000.0,2102392.0,1926328.0,854736.0,683720.0,0.084375,0.1766146822289909
7,149.5,10.5,160.0,143.2,16.8,21.755,88.85,74.8,14.05,23.267999999999997,22615.2,20128.0,26816.8,22208.0,2.0,0.0,51.0,5.0,0.0,620.0,0.0,5e-05,20000000.0,452304.0,402560.0,536336.0,444160.0,0.10499999999999998,0.15785768833936517
8,169.5,10.5,92.6,66.65,25.95,21.7725,27.05,25.1,1.95,23.672499999999996,139150.8,95230.4,46932.0,42903.6,7.0,0.0,51.0,5.0,0.0,700.0,0.0,5e-05,20000000.0,2783016.0,1904608.0,938640.0,858072.0,0.27888289411456596,0.06932813355227145
9,189.5,10.5,159.6,135.3,24.3,24.247500000000002,49.45,41.6,7.85,26.137999999999998,106067.6,89880.0,43040.0,35149.6,4.0,0.0,51.0,5.0,0.0,540.0,0.0,5e-05,20000000.0,2121352.0,1797600.0,860800.0,702992.0,0.15217807101345432,0.15573329843461978
10,209.5,10.5,159.6,146.85,12.75,21.804499999999997,50.25,40.8,9.45,23.682499999999997,93813.2,85571.2,35723.2,30303.2,4.0,0.0,51.0,5.0,0.0,560.0,0.0,5e-05,20000000.0,1876264.0,1711424.0,714464.0,606064.0,0.07987224842767292,0.1866582090086148
11,229.5,10.5,159.9,141.9,18.0,24.249000000000002,50.65,44.5,6.15,26.151,106461.2,92510.8,43538.0,38050.0,4.0,0.0,51.0,5.0,0.0,470.0,0.0,5e-05,20000000.0,2129224.0,1850216.0,870760.0,761000.0,0.11256878930817611,0.1182735572798121
12,249.5,10.5,50.9,46.0,4.9,24.186999999999998,11.7,11.7,0.0,26.105,181623.6,163662.4,51556.0,51556.0,14.0,0.0,51.0,5.0,0.0,190.0,0.0,5e-05,20000000.0,3632472.0,3273248.0,1031120.0,1031120.0,0.09534305859095772,0.0
13,269.5,10.5,92.9,70.7,22.2,21.7945,24.45,19.55,4.9,23.017999999999997,137942.4,103502.4,42070.0,32034.0,7.0,0.0,51.0,5.0,0.0,620.0,0.0,5e-05,20000000.0,2758848.0,2070048.0,841400.0,640680.0,0.23818854115213797,0.19653843258191078
14,289.5,10.5,160.0,143.95,16.05,24.226499999999998,90.65,79.9,10.75,26.117999999999995,25116.8,22704.8,30421.6,26996.8,2.0,0.0,51.0,5.0,0.0,580.0,0.0,5e-05,20000000.0,502336.0,454096.0,608432.0,539936.0,0.1003125,0.11816652488156007
15,309.5,10.5,160.0,156.1,3.9,24.3895,52.65,52.05,0.6,26.324,104674.8,101354.4,45823.2,45660.0,4.0,0.0,51.0,5.0,0.0,130.0,0.0,5e-05,20000000.0,2093496.0,2027088.0,916464.0,913200.0,0.024374999999999997,0.011111111111111101
16,329.5,10.5,160.0,153.45,6.55,21.703500000000002,92.7,85.2,7.5,23.467999999999996,22736.4,21649.6,27993.6,25824.0,2.0,0.0,51.0,5.0,0.0,440.0,0.0,5e-05,20000000.0,454728.0,432992.0,559872.0,516480.0,0.040937499999999995,0.08067761090233086
17,349.5,10.5,160.0,157.5,2.5,24.372000000000003,52.25,50.45,1.8,26.291500000000003,104152.8,101997.2,45441.2,43959.2,4.0,0.0,51.0,5.0,0.0,90.0,0.0,5e-05,20000000.0,2083056.0,2039944.0,908824.0,879184.0,0.015625000000000003,0.034239219796933416
18,369.5,10.5,160.0,150.4,9.6,24.275,88.9,70.15,18.75,26.189500000000002,24963.2,23499.6,29760.0,23667.2,2.0,0.0,51.0,5.0,0.0,610.0,0.0,5e-05,20000000.0,499264.0,469992.0,595200.0,473344.0,0.06000000000000001,0.20987857705054877
19,389.5,10.5,160.0,144.45,15.55,24.348000000000003,92.25,84.2,8.05,26.255000000000003,25384.8,22981.2,31013.6,28557.6,2.0,0.0,51.0,5.0,0.0,550.0,0.0,5e-05,20000000.0,507696.0,459624.0,620272.0,571152.0,0.0971875,0.08696707382254829
20,409.5,10.5,49.9,37.45,12.45,24.305,10.7,7.25,3.45,26.289499999999997,174110.4,127832.4,46793.6,31840.0,14.0,0.0,51.0,5.0,0.0,370.0,0.0,5e-05,20000000.0,3482208.0,2556648.0,935872.0,636800.0,0.2475176871256671,0.2980769230769231
21,429.5,10.5,159.75,140.85,18.9,24.274500000000003,49.6,41.85,7.75,26.194,108614.8,93311.6,42951.6,35484.8,4.0,0.0,51.0,5.0,0.0,570.0,0.0,5e-05,20000000.0,2172296.0,1866232.0,859032.0,709696.0,0.11825113446381659,0.15558673859207342
22,449.5,10.5,97.5,97.5,0.0,24.3735,29.25,29.25,0.0,26.316000000000003,171544.8,171544.8,54448.8,54448.8,7.0,0.0,51.0,5.0,0.0,70.0,0.0,5e-05,20000000.0,3430896.0,3430896.0,1088976.0,1088976.0,0.0,0.0
23,469.5,10.5,160.0,148.9,11.1,21.977000000000004,91.4,78.4,13.0,23.554,23219.2,21334.4,26790.4,23607.2,2.0,0.0,51.0,5.0,0.0,560.0,0.0,5e-05,20000000.0,464384.0,426688.0,535808.0,472144.0,0.069375,0.14183982205159723
24,489.5,10.5,160.0,155.4,4.6,24.301499999999997,91.55,80.45,11.1,26.201500000000003,25143.6,24370.8,30664.0,27235.2,2.0,0.0,51.0,5.0,0.0,380.0,0.0,5e-05,20000000.0,502872.0,487416.0,613280.0,544704.0,0.028749999999999998,0.12045307383577382
25,509.5,10.5,50.6,40.55,10.05,24.2825,10.9,8.95,1.95,26.2275,174327.6,141126.4,48082.8,39494.4,14.0,0.0,51.0,5.0,0.0,390.0,0.0,5e-05,20000000.0,3486552.0,2822528.0,961656.0,789888.0,0.19692440785105725,0.16818181818181815
26,529.5,10.5,160.0,139.2,20.8,24.243999999999996,90.65,77.85,12.8,26.1475,25512.0,21957.2,30386.4,26292.8,2.0,0.0,51.0,5.0,0.0,690.0,0.0,5e-05,20000000.0,510240.0,439144.0,607728.0,525856.0,0.13,0.14020869716477252
27,549.5,10.5,159.4,132.8,26.6,24.192999999999994,51.8,45.2,6.6,26.107499999999998,105938.8,87259.2,42234.0,38430.8,4.0,0.0,51.0,5.0,0.0,580.0,0.0,5e-05,20000000.0,2118776.0,1745184.0,844680.0,768616.0,0.1667793517950871,0.12639677599500015
28,569.5,10.5,160.0,152.95,7.05,21.764,93.1,87.2,5.9,23.327999999999996,22879.2,21596.4,27746.8,26355.2,2.0,0.0,51.0,5.0,0.0,280.0,0.0,5e-05,20000000.0,457584.0,431928.0,554936.0,527104.0,0.04406249999999999,0.06315909263130662
29,589.5,10.5,146.95,122.0,24.95,20.229999999999997,47.55,33.6,13.95,21.887999999999998,76919.6,67146.4,27830.0,21359.6,4.0,0.0,51.0,5.0,0.0,670.0,0.0,5e-05,20000000.0,1538392.0,1342928.0,556600.0,427192.0,0.16969367166459776,0.29161793941246084
30,609.5,10.5,92.9,69.85,23.05,24.214,22.6,16.0,6.6,26.209500000000002,158307.6,117437.2,45322.4,31762.4,7.0,0.0,51.0,5.0,0.0,540.0,0.0,5e-05,20000000.0,3166152.0,2348744.0,906448.0,635248.0,0.24725445073513647,0.2822706556093283
31,629.5,10.5,94.95,81.45,13.5,24.321499999999997,24.05,18.6,5.45,26.274,165730.0,140146.0,47100.8,35881.2,7.0,0.0,51.0,5.0,0.0,270.0,0.0,5e-05,20000000.0,3314600.0,2802920.0,942016.0,717624.0,0.14161766830769684,0.2220402137907859
32,649.5,10.5,160.0,155.95,4.05,24.310000000000002,51.85,48.4,3.45,26.226500000000005,104105.2,101544.4,44944.4,41776.8,4.0,0.0,51.0,5.0,0.0,330.0,0.0,5e-05,20000000.0,2082104.0,2030888.0,898888.0,835536.0,0.025312499999999998,0.066124507116183
33,669.5,10.5,95.85,88.35,7.5,24.252000000000002,26.8,24.05,2.75,26.218499999999995,167461.2,153082.8,51223.6,45649.6,7.0,0.0,51.0,5.0,0.0,230.0,0.0,5e-05,20000000.0,3349224.0,3061656.0,1024472.0,912992.0,0.07765955212618499,0.10091818590094451
34,689.5,10.5,94.5,78.15,16.35,24.340000000000003,23.7,16.05,7.65,26.3435,164603.6,133911.6,45621.6,31970.4,7.0,0.0,51.0,5.0,0.0,450.0,0.0,5e-05,20000000.0,3292072.0,2678232.0,912432.0,639408.0,0.17129311260956656,0.31923837094939045
35,709.5,10.5,93.45,70.95,22.5,21.674,25.6,17.05,8.55,23.426,138810.4,102995.2,37621.6,28818.0,7.0,0.0,51.0,5.0,0.0,560.0,0.0,5e-05,20000000.0,2776208.0,2059904.0,752432.0,576360.0,0.23974004635052104,0.3318405398948877
36,729.5,10.5,158.8,148.6,10.2,21.9665,52.05,48.15,3.9,23.442500000000003,93902.4,86653.2,38055.6,36929.2,4.0,0.0,51.0,5.0,0.0,280.0,0.0,5e-05,20000000.0,1878048.0,1733064.0,761112.0,738584.0,0.06420395967677729,0.07393724565224483
37,749.5,10.5,160.0,150.2,9.8,24.287499999999998,92.8,87.0,5.8,26.191499999999998,25121.6,23479.2,31195.2,29485.6,2.0,0.0,51.0,5.0,0.0,350.0,0.0,5e-05,20000000.0,502432.0,469584.0,623904.0,589712.0,0.061250000000000006,0.06227468625290996
38,769.5,10.5,87.1,68.2,18.9,23.1,24.6,19.3,5.3,22.697,143532.4,110077.6,41820.0,32248.8,7.0,0.0,51.0,5.0,0.0,340.0,0.0,5e-05,20000000.0,2870648.0,2201552.0,836400.0,644976.0,0.2136795907466022,0.21280496476148647
39,789.5,10.5,49.05,32.45,16.6,21.719500000000004,10.65,4.3,6.35,23.3785,145152.8,89868.4,28842.4,13768.0,14.0,0.0,51.0,5.0,0.0,560.0,0.0,5e-05,20000000.0,2903056.0,1797368.0,576848.0,275360.0,0.33626603214936035,0.5729135447885447
40,809.5,10.5,160.0,154.4,5.6,24.313500000000005,93.3,88.25,5.05,26.218,25173.2,24225.6,31392.0,29932.8,2.0,0.0,51.0,5.0,0.0,260.0,0.0,5e-05,20000000.0,503464.0,484512.0,627840.0,598656.0,0.034999999999999996,0.053933318911117835
41,829.5,10.5,91.0,60.9,30.1,24.21,21.35,13.05,8.3,26.318,156189.6,100716.4,42498.0,25390.0,7.0,0.0,51.0,5.0,0.0,510.0,0.0,5e-05,20000000.0,3123792.0,2014328.0,849960.0,507800.0,0.3299189666361331,0.3853492541021145
42,849.5,10.5,96.25,89.1,7.15,24.326,26.95,25.0,1.95,26.288999999999998,168661.2,154936.8,51542.8,47466.4,7.0,0.0,51.0,5.0,0.0,220.0,0.0,5e-05,20000000.0,3373224.0,3098736.0,1030856.0,949328.0,0.07374095388349328,0.06965654077723042
43,869.5,10.5,160.0,159.3,0.7,24.1615,93.6,90.4,3.2,26.053000000000004,24968.8,24852.0,31420.8,30550.4,2.0,0.0,51.0,5.0,0.0,130.0,0.0,5e-05,20000000.0,499376.0,497040.0,628416.0,611008.0,0.0043749999999999995,0.03408811462536257
44,889.5,10.5,157.3,140.85,16.45,22.3225,51.2,47.05,4.15,23.6415,96681.2,84009.6,40038.8,36216.4,4.0,0.0,51.0,5.0,0.0,650.0,0.0,5e-05,20000000.0,1933624.0,1680192.0,800776.0,724328.0,0.10453632965742402,0.08073124235180282
45,909.5,10.5,46.85,28.6,18.25,22.3985,10.65,7.0,3.65,23.406,141821.6,81448.4,41707.2,25751.2,14.0,0.0,51.0,5.0,0.0,620.0,0.0,5e-05,20000000.0,2836432.0,1628968.0,834144.0,515024.0,0.38640579002733755,0.33853146853146854
46,929.5,10.5,95.25,85.55,9.7,24.372,28.5,27.85,0.65,26.341,167162.0,148410.8,53602.8,52250.4,7.0,0.0,51.0,5.0,0.0,180.0,0.0,5e-05,20000000.0,3343240.0,2968216.0,1072056.0,1045008.0,0.10144835870607187,0.022475369458128044
47,949.5,10.5,51.65,49.7,1.95,24.221,11.4,10.75,0.65,26.127999999999997,187622.0,179495.6,50246.0,47344.8,14.0,0.0,51.0,5.0,0.0,90.0,0.0,5e-05,20000000.0,3752440.0,3589912.0,1004920.0,946896.0,0.0370122940322718,0.05492424242424241
48,969.5,10.5,160.0,143.1,16.9,24.2295,47.0,33.75,13.25,26.136000000000003,104262.8,91390.8,41040.4,27777.2,4.0,0.0,51.0,5.0,0.0,610.0,0.0,5e-05,20000000.0,2085256.0,1827816.0,820808.0,555544.0,0.10562500000000001,0.27454094498800785
49,989.5,10.5,94.7,80.15,14.55,24.2365,26.35,21.9,4.45,26.223999999999997,162149.2,137308.4,49450.0,42304.0,7.0,0.0,51.0,5.0,0.0,390.0,0.0,5e-05,20000000.0,3242984.0,2746168.0,989000.0,846080.0,0.15039444521805984,0.16551871851009778
50,1009.5,10.5,160.0,146.5,13.5,24.201500000000003,91.35,82.5,8.85,26.0945,25302.4,23043.6,30618.4,27876.8,2.0,0.0,51.0,5.0,0.0,570.0,0.0,5e-05,20000000.0,506048.0,460872.0,612368.0,557536.0,0.084375,0.09630588656895735
51,1029.5,10.5,49.05,28.85,20.2,24.272,9.8,3.25,6.55,26.341999999999995,162918.8,91971.2,42598.4,14052.8,14.0,0.0,51.0,5.0,0.0,710.0,0.0,5e-05,20000000.0,3258376.0,1839424.0,851968.0,281056.0,0.40984496978115514,0.6657575757575757
52,1049.5,10.5,159.95,140.9,19.05,24.200499999999998,49.45,41.3,8.15,26.122500000000002,104643.6,90596.0,42328.4,34316.0,4.0,0.0,51.0,5.0,0.0,410.0,0.0,5e-05,20000000.0,2092872.0,1811920.0,846568.0,686320.0,0.11910180817610065,0.1615362925552001
53,1069.5,10.5,46.45,28.15,18.3,22.786,10.6,6.4,4.2,23.0275,144728.0,81633.2,38983.6,22951.2,14.0,0.0,51.0,5.0,0.0,630.0,0.0,5e-05,20000000.0,2894560.0,1632664.0,779672.0,459024.0,0.3924902129899098,0.37594821844821846
54,1089.5,10.5,45.8,25.6,20.2,23.323,11.15,9.6,1.55,23.467,141324.8,75533.6,44337.6,37383.2,14.0,0.0,51.0,5.0,0.0,700.0,0.0,5e-05,20000000.0,2826496.0,1510672.0,886752.0,747664.0,0.43753994126346357,0.12855089355089355
55,1109.5,10.5,160.0,154.15,5.85,24.262500000000003,51.95,48.5,3.45,26.176499999999997,104554.8,100464.8,44906.4,41822.4,4.0,0.0,51.0,5.0,0.0,230.0,0.0,5e-05,20000000.0,2091096.0,2009296.0,898128.0,836448.0,0.03656249999999999,0.06572102064499397
56,1129.5,10.5,160.0,160.0,0.0,24.34,52.65,52.15,0.5,26.257500000000004,104086.0,104086.0,45847.2,45711.2,4.0,0.0,51.0,5.0,0.0,70.0,0.0,5e-05,20000000.0,2081720.0,2081720.0,916944.0,914224.0,0.0,0.009346610761705081
57,1149.5,10.5,160.0,158.8,1.2,24.1975,93.1,88.35,4.75,26.0885,24993.2,24671.6,31250.4,29872.0,2.0,0.0,51.0,5.0,0.0,90.0,0.0,5e-05,20000000.0,499864.0,493432.0,625008.0,597440.0,0.0075,0.05081220744592189
58,1169.5,10.5,91.8,63.35,28.45,24.1225,24.1,17.15,6.95,26.165,154643.6,104695.6,46148.4,33012.4,7.0,0.0,51.0,5.0,0.0,690.0,0.0,5e-05,20000000.0,3092872.0,2093912.0,922968.0,660248.0,0.3084313912018986,0.28632269904009033
59,1189.5,10.5,44.75,22.7,22.05,20.8385,10.55,5.45,5.1,19.988999999999997,114037.2,50848.8,28999.6,13360.0,14.0,0.0,51.0,5.0,0.0,680.0,0.0,5e-05,20000000.0,2280744.0,1016976.0,579992.0,267200.0,0.4901883050020265,0.4681780719280719
60,1209.5,10.5,159.95,145.9,14.05,24.2685,51.9,49.35,2.55,26.165,104430.0,94576.8,44915.6,42741.2,4.0,0.0,51.0,5.0,0.0,170.0,0.0,5e-05,20000000.0,2088600.0,1891536.0,898312.0,854824.0,0.08782822327044026,0.048365907143376595
61,1229.5,10.5,151.45,123.7,27.75,22.662,50.1,40.75,9.35,23.7965,94227.2,76753.2,37370.0,30286.4,4.0,0.0,51.0,5.0,0.0,630.0,0.0,5e-05,20000000.0,1884544.0,1535064.0,747400.0,605728.0,0.18318481905625547,0.18356153250323987
62,1249.5,10.5,160.0,160.0,0.0,24.2015,93.35,89.05,4.3,26.1005,24908.8,24908.8,31322.4,30117.6,2.0,0.0,51.0,5.0,0.0,190.0,0.0,5e-05,20000000.0,498176.0,498176.0,626448.0,602352.0,0.0,0.045885991898289076
63,1269.5,10.5,159.3,135.55,23.75,22.098000000000003,89.85,76.55,13.3,23.232,23208.4,19463.6,26858.8,22723.2,2.0,0.0,51.0,5.0,0.0,720.0,0.0,5e-05,20000000.0,464168.0,389272.0,537176.0,454464.0,0.14912322801036673,0.14778656246381588
64,1289.5,10.5,157.5,135.9,21.6,22.111,51.65,48.3,3.35,23.127000000000002,95452.4,81582.0,39209.2,36628.4,4.0,0.0,51.0,5.0,0.0,360.0,0.0,5e-05,20000000.0,1909048.0,1631640.0,784184.0,732568.0,0.13714512233028398,0.06416034613329283
65,1309.5,10.5,48.95,31.75,17.2,21.6865,11.0,8.95,2.05,23.398,150124.8,89050.4,43534.0,34408.0,14.0,0.0,51.0,5.0,0.0,650.0,0.0,5e-05,20000000.0,3002496.0,1781008.0,870680.0,688160.0,0.3459691743647965,0.17187062937062936
66,1329.5,10.5,95.0,81.5,13.5,21.875999999999998,25.5,21.9,3.6,23.413999999999998,145757.6,123870.4,43554.4,36085.6,7.0,0.0,51.0,5.0,0.0,310.0,0.0,5e-05,20000000.0,2915152.0,2477408.0,871088.0,721712.0,0.14173598323201692,0.13911884411884412
67,1349.5,10.5,97.5,97.5,0.0,24.317500000000003,27.0,25.05,1.95,26.260999999999996,171175.2,171175.2,51533.6,47457.2,7.0,0.0,51.0,5.0,0.0,110.0,0.0,5e-05,20000000.0,3423504.0,3423504.0,1030672.0,949144.0,0.0,0.07005336617405582
68,1369.5,10.5,49.95,37.25,12.7,24.206,11.15,9.85,1.3,26.159,175654.8,126341.2,49226.4,43449.6,14.0,0.0,51.0,5.0,0.0,290.0,0.0,5e-05,20000000.0,3513096.0,2526824.0,984528.0,868992.0,0.253115684644183,0.11060606060606056
69,1389.5,10.5,50.0,36.2,13.8,24.194,10.15,6.6,3.55,26.246,172648.8,121949.6,44810.0,28972.8,14.0,0.0,51.0,5.0,0.0,460.0,0.0,5e-05,20000000.0,3452976.0,2438992.0,896200.0,579456.0,0.2723740394091008,0.34840909090909084
70,1409.5,10.5,160.0,157.1,2.9,24.2605,92.75,86.15,6.6,26.1625,24976.8,24496.4,31146.4,29158.4,2.0,0.0,51.0,5.0,0.0,220.0,0.0,5e-05,20000000.0,499536.0,489928.0,622928.0,583168.0,0.018125000000000002,0.07089420013904338
71,1429.5,10.5,49.85,36.75,13.1,21.738999999999997,10.6,7.0,3.6,23.448500000000003,150253.2,106458.0,41797.2,25772.4,14.0,0.0,51.0,5.0,0.0,310.0,0.0,5e-05,20000000.0,3005064.0,2129160.0,835944.0,515448.0,0.2620500688674733,0.3305011655011655
72,1449.5,10.5,147.1,116.0,31.1,20.351,47.1,34.3,12.8,20.0815,85096.8,64206.4,30282.4,19712.0,4.0,0.0,51.0,5.0,0.0,680.0,0.0,5e-05,20000000.0,1701936.0,1284128.0,605648.0,394240.0,0.21131598703988358,0.2697034058549893
73,1469.5,10.5,150.05,130.85,19.2,20.401500000000002,89.5,74.0,15.5,20.352,20912.8,17991.2,23045.2,18780.4,2.0,0.0,51.0,5.0,0.0,680.0,0.0,5e-05,20000000.0,418256.0,359824.0,460904.0,375608.0,0.1278611808359937,0.17267567502419975
74,1489.5,10.5,160.0,160.0,0.0,24.178500000000003,92.55,86.15,6.4,26.076999999999998,24879.6,24879.6,31035.2,29101.6,2.0,0.0,51.0,5.0,0.0,110.0,0.0,5e-05,20000000.0,497592.0,497592.0,620704.0,582032.0,0.0,0.0689796851789025
75,1509.5,10.5,92.0,66.45,25.55,24.1205,22.2,14.8,7.4,26.1415,155276.8,110533.2,43938.0,28730.0,7.0,0.0,51.0,5.0,0.0,710.0,0.0,5e-05,20000000.0,3105536.0,2210664.0,878760.0,574600.0,0.2745158325743422,0.3195734855971765
76,1529.5,10.5,157.4,145.15,12.25,21.6575,51.05,46.65,4.4,23.583499999999997,91519.2,83766.8,40019.6,35878.0,4.0,0.0,51.0,5.0,0.0,310.0,0.0,5e-05,20000000.0,1830384.0,1675336.0,800392.0,717560.0,0.0777196528491183,0.08496761910698805
77,1549.5,10.5,160.0,148.75,11.25,21.7385,92.15,84.05,8.1,23.417499999999997,22988.4,21196.0,27937.6,25404.0,2.0,0.0,51.0,5.0,0.0,590.0,0.0,5e-05,20000000.0,459768.0,423920.0,558752.0,508080.0,0.07031250000000001,0.08769412748104212
78,1569.5,10.5,160.0,152.95,7.05,24.2295,91.65,82.45,9.2,26.128499999999995,25162.4,23990.8,30760.8,27859.2,2.0,0.0,51.0,5.0,0.0,210.0,0.0,5e-05,20000000.0,503248.0,479816.0,615216.0,557184.0,0.04406249999999999,0.0999506557218526
79,1589.5,10.5,96.95,93.5,3.45,24.279999999999998,26.95,25.0,1.95,26.217000000000002,168615.6,163127.2,51412.4,47336.0,7.0,0.0,51.0,5.0,0.0,330.0,0.0,5e-05,20000000.0,3372312.0,3262544.0,1028248.0,946720.0,0.035381037290530694,0.06967022441160371
80,1609.5,10.5,160.0,154.35,5.65,24.3405,91.95,82.7,9.25,26.242,25245.2,24214.4,30902.4,28028.8,2.0,0.0,51.0,5.0,0.0,370.0,0.0,5e-05,20000000.0,504904.0,484288.0,618048.0,560576.0,0.035312500000000004,0.10029313594751851
81,1629.5,10.5,160.0,137.85,22.15,24.285,88.8,70.4,18.4,26.183500000000002,25797.2,22029.2,29800.0,23778.4,2.0,0.0,51.0,5.0,0.0,510.0,0.0,5e-05,20000000.0,515944.0,440584.0,596000.0,475568.0,0.1384375,0.20612363229327574
82,1649.5,10.5,158.65,139.05,19.6,22.066999999999997,49.2,37.1,12.1,23.807499999999997,96887.2,82505.6,36793.2,26976.0,4.0,0.0,51.0,5.0,0.0,530.0,0.0,5e-05,20000000.0,1937744.0,1650112.0,735864.0,539520.0,0.12361938675568955,0.2440670614385136
83,1669.5,10.5,160.0,148.15,11.85,24.25,91.45,81.45,10.0,26.160000000000004,25188.8,23212.4,30672.0,27537.6,2.0,0.0,51.0,5.0,0.0,390.0,0.0,5e-05,20000000.0,503776.0,464248.0,613440.0,550752.0,0.0740625,0.10851013050490699
84,1689.5,10.5,93.8,73.8,20.0,24.209,24.4,19.7,4.7,26.217499999999994,159536.4,124910.4,48562.8,38950.8,7.0,0.0,51.0,5.0,0.0,570.0,0.0,5e-05,20000000.0,3190728.0,2498208.0,971256.0,779016.0,0.21174644827210115,0.18533725775030116
85,1709.5,10.5,51.15,43.35,7.8,24.267,10.85,8.85,2.0,26.1515,181652.4,152713.2,47677.2,38914.0,14.0,0.0,51.0,5.0,0.0,230.0,0.0,5e-05,20000000.0,3633048.0,3054264.0,953544.0,778280.0,0.15221568627450976,0.175
86,1729.5,10.5,85.95,57.0,28.95,20.469,24.15,15.9,8.25,19.4625,116523.2,72923.2,32216.0,20062.4,7.0,0.0,51.0,5.0,0.0,680.0,0.0,5e-05,20000000.0,2330464.0,1458464.0,644320.0,401248.0,0.33556215729290073,0.3381636298484124
87,1749.5,10.5,50.3,39.15,11.15,24.217000000000002,11.7,11.7,0.0,26.1675,176283.2,134736.8,51671.2,51671.2,14.0,0.0,51.0,5.0,0.0,260.0,0.0,5e-05,20000000.0,3525664.0,2694736.0,1033424.0,1033424.0,0.21859275217156782,0.0
88,1769.5,10.5,94.75,79.6,15.15,24.296999999999997,25.55,21.65,3.9,26.283499999999997,162923.2,136576.0,49777.6,41740.0,7.0,0.0,51.0,5.0,0.0,370.0,0.0,5e-05,20000000.0,3258464.0,2731520.0,995552.0,834800.0,0.15790559469472654,0.14919570968484008
89,1789.5,10.5,160.0,148.6,11.4,19.305500000000002,91.75,84.95,6.8,20.846000000000004,20700.0,19278.4,24997.6,22883.2,2.0,0.0,51.0,5.0,0.0,520.0,0.0,5e-05,20000000.0,414000.0,385568.0,499952.0,457664.0,0.07125000000000001,0.0737610542333968
90,1809.5,10.5,92.55,66.9,25.65,21.7455,27.6,25.75,1.85,23.404999999999998,142055.2,97895.2,47385.2,43725.6,7.0,0.0,51.0,5.0,0.0,590.0,0.0,5e-05,20000000.0,2841104.0,1957904.0,947704.0,874512.0,0.27567994035544363,0.06493203794927929
91,1829.5,10.5,92.95,75.25,17.7,24.1675,25.6,21.7,3.9,26.206000000000007,160159.2,127776.4,49016.4,40978.8,7.0,0.0,51.0,5.0,0.0,420.0,0.0,5e-05,20000000.0,3203184.0,2555528.0,980328.0,819576.0,0.18932076193975492,0.14558485958485956
92,1849.5,10.5,160.0,149.4,10.6,24.142500000000002,90.35,80.3,10.05,26.03,25232.8,23744.0,30293.6,27085.6,2.0,0.0,51.0,5.0,0.0,660.0,0.0,5e-05,20000000.0,504656.0,474880.0,605872.0,541712.0,0.06625,0.11096680063651702
93,1869.5,10.5,50.75,44.45,6.3,24.2605,11.2,9.6,1.6,26.241499999999995,184080.4,157411.2,49439.6,42331.6,14.0,0.0,51.0,5.0,0.0,210.0,0.0,5e-05,20000000.0,3681608.0,3148224.0,988792.0,846632.0,0.1236041743257535,0.14060606060606057
94,1889.5,10.5,159.45,137.95,21.5,24.37,49.9,40.7,9.2,26.2965,109358.0,90474.0,42729.2,34069.2,4.0,0.0,51.0,5.0,0.0,660.0,0.0,5e-05,20000000.0,2187160.0,1809480.0,854584.0,681384.0,0.13482803916885594,0.18290415150791278
95,1909.5,10.5,96.4,90.55,5.85,24.355999999999998,28.9,28.0,0.9,26.285500000000003,168370.4,158036.4,53766.8,52832.0,7.0,0.0,51.0,5.0,0.0,190.0,0.0,5e-05,20000000.0,3367408.0,3160728.0,1075336.0,1056640.0,0.06040613990894311,0.03069786535303774
96,1929.5,10.5,52.0,52.0,0.0,24.298,11.05,9.1,1.95,26.173499999999997,189967.6,189967.6,48624.4,39959.2,14.0,0.0,51.0,5.0,0.0,110.0,0.0,5e-05,20000000.0,3799352.0,3799352.0,972488.0,799184.0,0.0,0.16110139860139858
97,1949.5,10.5,97.35,96.7,0.65,24.2605,28.65,28.0,0.65,26.207,170412.4,169183.2,53672.4,52345.6,7.0,0.0,51.0,5.0,0.0,90.0,0.0,5e-05,20000000.0,3408248.0,3383664.0,1073448.0,1046912.0,0.00665895224069005,0.022413793103448237
98,1969.5,10.5,95.0,77.55,17.45,24.3805,27.4,25.45,1.95,26.339499999999997,164573.6,132937.2,52408.4,48408.8,7.0,0.0,51.0,5.0,0.0,350.0,0.0,5e-05,20000000.0,3291472.0,2658744.0,1048168.0,968176.0,0.18235217642615367,0.06817870826491512
99,1989.5,10.5,160.0,147.6,12.4,19.2085,89.95,71.65,18.3,20.470499999999994,20402.0,19024.0,22946.4,18007.6,2.0,0.0,51.0,5.0,0.0,670.0,0.0,5e-05,20000000.0,408040.0,380480.0,458928.0,360152.0,0.07749999999999999,0.20250270783713575
100,2009.5,10.5,160.0,155.2,4.8,24.404999999999998,51.8,48.2,3.6,26.3375,105283.6,101186.4,44888.4,41640.4,4.0,0.0,51.0,5.0,0.0,220.0,0.0,5e-05,20000000.0,2105672.0,2023728.0,897768.0,832808.0,0.029999999999999992,0.06912780987253793
101,2029.5,10.5,160.0,138.55,21.45,24.3645,88.65,66.85,21.8,26.284000000000002,25799.6,22283.6,29725.6,22586.4,2.0,0.0,51.0,5.0,0.0,710.0,0.0,5e-05,20000000.0,515992.0,445672.0,594512.0,451728.0,0.1340625,0.24521602222684455
102,2049.5,10.5,159.4,136.8,22.6,24.266,51.65,48.05,3.6,26.176499999999997,108900.4,90337.6,44664.4,41364.4,4.0,0.0,51.0,5.0,0.0,350.0,0.0,5e-05,20000000.0,2178008.0,1806752.0,893288.0,827288.0,0.14173436131677414,0.06937019171480878
103,2069.5,10.5,159.95,146.3,13.65,21.8665,50.9,44.45,6.45,23.5345,96287.6,85833.6,38710.0,33446.4,4.0,0.0,51.0,5.0,0.0,440.0,0.0,5e-05,20000000.0,1925752.0,1716672.0,774200.0,668928.0,0.08533215408805031,0.12570137584948504
104,2089.5,10.5,95.55,78.75,16.8,21.862,25.25,19.55,5.7,23.184,145176.8,118151.2,40850.4,32685.6,7.0,0.0,51.0,5.0,0.0,440.0,0.0,5e-05,20000000.0,2903536.0,2363024.0,817008.0,653712.0,0.1753174188532227,0.22206192599670857
105,2109.5,10.5,51.35,45.5,5.85,24.233999999999998,11.7,11.7,0.0,26.118000000000002,182662.4,161804.0,51594.4,51594.4,14.0,0.0,51.0,5.0,0.0,130.0,0.0,5e-05,20000000.0,3653248.0,3236080.0,1031888.0,1031888.0,0.11222679657692333,0.0
106,2129.5,10.5,50.55,40.15,10.4,21.793999999999997,11.7,9.85,1.85,23.301000000000002,156878.8,121036.8,38198.8,37918.0,14.0,0.0,51.0,5.0,0.0,280.0,0.0,5e-05,20000000.0,3137576.0,2420736.0,763976.0,758360.0,0.20355909837810776,0.14589160839160836
107,2149.5,10.5,152.9,121.7,31.2,22.714499999999997,50.95,46.55,4.4,23.818500000000004,99509.2,74676.8,40292.8,36278.4,4.0,0.0,51.0,5.0,0.0,700.0,0.0,5e-05,20000000.0,1990184.0,1493536.0,805856.0,725568.0,0.2040334108483562,0.08522662036842703
108,2169.5,10.5,155.9,134.25,21.65,21.647,50.0,42.55,7.45,23.0485,94044.0,79367.2,37702.8,30922.0,4.0,0.0,51.0,5.0,0.0,340.0,0.0,5e-05,20000000.0,1880880.0,1587344.0,754056.0,618440.0,0.13870714960409664,0.14742158248903117
109,2189.5,10.5,50.25,38.8,11.45,24.261499999999995,10.5,7.25,3.25,26.299500000000002,175626.4,133389.6,46286.4,31946.8,14.0,0.0,51.0,5.0,0.0,380.0,0.0,5e-05,20000000.0,3512528.0,2667792.0,925728.0,638936.0,0.22433718662099192,0.30290598290598286
110,2209.5,10.5,159.95,148.8,11.15,24.313,49.65,42.85,6.8,26.219,105609.2,97706.4,43144.4,36543.6,4.0,0.0,51.0,5.0,0.0,270.0,0.0,5e-05,20000000.0,2112184.0,1954128.0,862888.0,730872.0,0.06970518867924527,0.133937971137725
111,2229.5,10.5,52.0,52.0,0.0,24.2235,11.7,11.7,0.0,26.133499999999998,189290.4,189290.4,51620.0,51620.0,14.0,0.0,51.0,5.0,0.0,70.0,0.0,5e-05,20000000.0,3785808.0,3785808.0,1032400.0,1032400.0,0.0,0.0
112,2249.5,10.5,49.45,35.4,14.05,21.8275,11.05,8.05,3.0,23.5185,152193.6,101497.6,43667.2,30257.6,14.0,0.0,51.0,5.0,0.0,440.0,0.0,5e-05,20000000.0,3043872.0,2029952.0,873344.0,605152.0,0.2829810808070605,0.26285131535131534
113,2269.5,10.5,160.0,155.6,4.4,24.2125,93.15,88.25,4.9,26.115,24855.2,24162.0,31272.0,29854.4,2.0,0.0,51.0,5.0,0.0,490.0,0.0,5e-05,20000000.0,497104.0,483240.0,625440.0,597088.0,0.027499999999999997,0.052435759878639944
114,2289.5,10.5,93.65,74.45,19.2,24.241999999999997,23.9,18.05,5.85,26.227999999999998,161948.4,126464.4,46907.6,34899.2,7.0,0.0,51.0,5.0,0.0,470.0,0.0,5e-05,20000000.0,3238968.0,2529288.0,938152.0,697984.0,0.20431710361158828,0.23094640866379992
115,2309.5,10.5,160.0,156.1,3.9,24.3495,52.4,50.8,1.6,26.264000000000003,104016.0,100682.4,45540.0,44300.4,4.0,0.0,51.0,5.0,0.0,190.0,0.0,5e-05,20000000.0,2080320.0,2013648.0,910800.0,886008.0,0.024375,0.03022769097963322
116,2329.5,10.5,160.0,158.55,1.45,24.2405,92.7,86.45,6.25,26.141999999999996,25066.0,24825.2,31147.2,29254.4,2.0,0.0,51.0,5.0,0.0,330.0,0.0,5e-05,20000000.0,501320.0,496504.0,622944.0,585088.0,0.0090625,0.06709930489130544
117,2349.5,10.5,159.4,129.75,29.65,24.303999999999995,45.9,29.95,15.95,26.238,106072.4,86072.4,39844.4,24806.8,4.0,0.0,51.0,5.0,0.0,710.0,0.0,5e-05,20000000.0,2121448.0,1721448.0,796888.0,496136.0,0.1859060992547451,0.34636960348791024
118,2369.5,10.5,160.0,144.4,15.6,21.7215,91.1,78.95,12.15,23.2545,23146.0,20670.8,27176.4,23464.8,2.0,0.0,51.0,5.0,0.0,340.0,0.0,5e-05,20000000.0,462920.0,413416.0,543528.0,469296.0,0.0975,0.1329349772265267
119,2389.5,10.5,160.0,147.9,12.1,24.2835,91.35,81.85,9.5,26.194000000000006,25318.4,23139.6,30698.4,27721.6,2.0,0.0,51.0,5.0,0.0,420.0,0.0,5e-05,20000000.0,506368.0,462792.0,613968.0,554432.0,0.07562499999999998,0.10369395629157638
120,2409.5,10.5,49.45,37.25,12.2,24.194,11.3,10.5,0.8,26.227999999999998,175365.2,126930.0,49930.4,46359.2,14.0,0.0,51.0,5.0,0.0,490.0,0.0,5e-05,20000000.0,3507304.0,2538600.0,998608.0,927184.0,0.24124756120176888,0.06969696969696967
121,2429.5,10.5,160.0,146.25,13.75,24.2985,52.45,50.7,1.75,26.218,105821.2,95872.0,45189.6,44176.4,4.0,0.0,51.0,5.0,0.0,490.0,0.0,5e-05,20000000.0,2116424.0,1917440.0,903792.0,883528.0,0.0859375,0.03323997394474636
122,2449.5,10.5,50.8,44.75,6.05,24.278,11.1,9.15,1.95,26.2245,184585.2,158821.6,48948.8,40283.6,14.0,0.0,51.0,5.0,0.0,220.0,0.0,5e-05,20000000.0,3691704.0,3176432.0,978976.0,805672.0,0.11415621036146013,0.1603146853146853
123,2469.5,10.5,49.3,29.55,19.75,24.256999999999998,10.45,6.3,4.15,26.295500000000004,158587.6,94654.0,45666.8,27552.0,14.0,0.0,51.0,5.0,0.0,580.0,0.0,5e-05,20000000.0,3171752.0,1893080.0,913336.0,551040.0,0.39984913311595716,0.38298756798756795
124,2489.5,10.5,160.0,146.8,13.2,24.220000000000002,50.65,44.7,5.95,26.125999999999998,102984.8,95911.6,43605.2,37969.6,4.0,0.0,51.0,5.0,0.0,430.0,0.0,5e-05,20000000.0,2059696.0,1918232.0,872104.0,759392.0,0.0825,0.11467585990332782
125,2509.5,10.5,155.85,131.7,24.15,21.9795,49.6,41.2,8.4,23.358,92712.8,77926.8,38506.0,30167.6,4.0,0.0,51.0,5.0,0.0,620.0,0.0,5e-05,20000000.0,1854256.0,1558536.0,770120.0,603352.0,0.15494262672650833,0.16742535136482317
126,2529.5,10.5,92.25,68.8,23.45,24.2235,20.8,11.15,9.65,26.302500000000002,157899.6,115598.4,41481.2,21714.4,7.0,0.0,51.0,5.0,0.0,610.0,0.0,5e-05,20000000.0,3157992.0,2311968.0,829624.0,434288.0,0.25173995497212504,0.4601372426163447
127,2549.5,10.5,160.0,150.05,9.95,21.749499999999998,91.9,82.6,9.3,23.461499999999997,22920.0,21291.2,27891.2,24954.4,2.0,0.0,51.0,5.0,0.0,310.0,0.0,5e-05,20000000.0,458400.0,425824.0,557824.0,499088.0,0.06218749999999999,0.10088850725183474
128,2569.5,10.5,160.0,145.3,14.7,24.252000000000002,52.65,50.85,1.8,26.1445,104718.0,94157.2,44872.8,44298.4,4.0,0.0,51.0,5.0,0.0,290.0,0.0,5e-05,20000000.0,2094360.0,1883144.0,897456.0,885968.0,0.09187500000000001,0.03374314590740779
129,2589.5,10.5,95.5,82.15,13.35,21.9085,29.05,26.3,2.75,23.3895,146131.2,125186.0,46289.6,45309.6,7.0,0.0,51.0,5.0,0.0,280.0,0.0,5e-05,20000000.0,2922624.0,2503720.0,925792.0,906192.0,0.13929448773189818,0.09159365601697357
130,2609.5,10.5,154.2,135.4,18.8,22.3475,92.4,85.0,7.4,23.542,23261.6,20168.4,28107.2,25810.4,2.0,0.0,51.0,5.0,0.0,700.0,0.0,5e-05,20000000.0,465232.0,403368.0,562144.0,516208.0,0.12191930653061242,0.07978357847501069
131,2629.5,10.5,48.75,27.9,20.85,19.322499999999998,10.5,7.2,3.3,20.3,112247.6,66129.2,36276.8,21672.8,14.0,0.0,51.0,5.0,0.0,520.0,0.0,5e-05,20000000.0,2244952.0,1322584.0,725536.0,433456.0,0.42431024303172526,0.308076923076923
132,2649.5,10.5,160.0,144.0,16.0,21.8375,88.8,71.35,17.45,23.391999999999996,23035.2,20600.8,26798.0,21114.8,2.0,0.0,51.0,5.0,0.0,530.0,0.0,5e-05,20000000.0,460704.0,412016.0,535960.0,422296.0,0.1,0.1951428967081652
133,2669.5,10.5,94.65,76.4,18.25,21.823999999999998,27.95,26.0,1.95,23.213499999999996,139368.4,113853.6,46338.8,43618.8,7.0,0.0,51.0,5.0,0.0,360.0,0.0,5e-05,20000000.0,2787368.0,2277072.0,926776.0,872376.0,0.1924640411413186,0.06949005655902203
134,2689.5,10.5,160.0,156.05,3.95,24.298,93.55,89.8,3.75,26.200499999999998,25096.8,24306.8,31472.8,30452.8,2.0,0.0,51.0,5.0,0.0,140.0,0.0,5e-05,20000000.0,501936.0,486136.0,629456.0,609056.0,0.0246875,0.040044021941996494
135,2709.5,10.5,95.2,80.0,15.2,24.341499999999996,28.1,26.8,1.3,26.3185,165546.4,137454.4,52695.2,50006.4,7.0,0.0,51.0,5.0,0.0,490.0,0.0,5e-05,20000000.0,3310928.0,2749088.0,1053904.0,1000128.0,0.15811202475577554,0.046182266009852195
136,2729.5,10.5,48.3,25.35,22.95,24.122,10.2,6.15,4.05,26.1625,157998.0,78294.4,44514.8,26784.0,14.0,0.0,51.0,5.0,0.0,690.0,0.0,5e-05,20000000.0,3159960.0,1565888.0,890296.0,535680.0,0.4737493300635429,0.39038211788211785
137,2749.5,10.5,160.0,148.15,11.85,24.2935,91.1,79.4,11.7,26.204,25431.6,23359.6,30570.4,26874.4,2.0,0.0,51.0,5.0,0.0,430.0,0.0,5e-05,20000000.0,508632.0,467192.0,611408.0,537488.0,0.0740625,0.12802641446909205
138,2769.5,10.5,160.0,142.95,17.05,21.827,91.05,75.05,16.0,23.3815,22979.6,20355.6,26207.6,22347.2,2.0,0.0,51.0,5.0,0.0,630.0,0.0,5e-05,20000000.0,459592.0,407112.0,524152.0,446944.0,0.10656249999999998,0.17441719929158012
139,2789.5,10.5,50.15,36.6,13.55,21.820999999999998,10.9,7.35,3.55,23.543499999999998,148519.6,106501.2,37002.4,27529.6,14.0,0.0,51.0,5.0,0.0,360.0,0.0,5e-05,20000000.0,2970392.0,2130024.0,740048.0,550592.0,0.26409759930394006,0.30272144522144523
140,2809.5,10.5,160.0,149.25,10.75,24.312,92.4,85.8,6.6,26.2185,25251.2,23459.2,31104.8,29096.0,2.0,0.0,51.0,5.0,0.0,170.0,0.0,5e-05,20000000.0,505024.0,469184.0,622096.0,581920.0,0.0671875,0.07125726973745453
141,2829.5,10.5,45.5,25.45,20.05,20.506,10.65,5.75,4.9,20.124499999999998,119535.2,58776.0,27969.6,14842.8,14.0,0.0,51.0,5.0,0.0,670.0,0.0,5e-05,20000000.0,2390704.0,1175520.0,559392.0,296856.0,0.4378825807295471,0.45059523809523805
142,2849.5,10.5,96.35,90.05,6.3,24.464499999999997,29.25,29.25,0.0,26.425,169993.2,157766.8,54588.0,54588.0,7.0,0.0,51.0,5.0,0.0,140.0,0.0,5e-05,20000000.0,3399864.0,3155336.0,1091760.0,1091760.0,0.06461506415503958,0.0
143,2869.5,10.5,50.0,42.5,7.5,24.160000000000004,11.5,10.85,0.65,26.1315,180586.8,148637.6,50642.8,47767.2,14.0,0.0,51.0,5.0,0.0,180.0,0.0,5e-05,20000000.0,3611736.0,2972752.0,1012856.0,955344.0,0.14885433368604212,0.05492424242424241
144,2889.5,10.5,159.85,145.4,14.45,24.277,50.45,44.4,6.05,26.196500000000004,107489.6,96424.0,43328.4,37956.0,4.0,0.0,51.0,5.0,0.0,390.0,0.0,5e-05,20000000.0,2149792.0,1928480.0,866568.0,759120.0,0.09035770440251574,0.11856824964491555
145,2909.5,10.5,160.0,153.95,6.05,24.307499999999997,91.05,78.85,12.2,26.210999999999995,25715.2,24276.0,30592.8,26699.2,2.0,0.0,51.0,5.0,0.0,270.0,0.0,5e-05,20000000.0,514304.0,485520.0,611856.0,533984.0,0.0378125,0.1336952481187545
146,2929.5,10.5,160.0,152.9,7.1,24.2635,93.05,88.05,5.0,26.1675,25306.0,24131.6,31273.6,29825.6,2.0,0.0,51.0,5.0,0.0,290.0,0.0,5e-05,20000000.0,506120.0,482632.0,625472.0,596512.0,0.044375,0.053483920383735006
147,2949.5,10.5,94.8,80.75,14.05,24.254,28.85,26.9,1.95,26.2075,165513.6,138361.2,53282.4,51276.0,7.0,0.0,51.0,5.0,0.0,260.0,0.0,5e-05,20000000.0,3310272.0,2767224.0,1065648.0,1025520.0,0.14696771063080788,0.06539051326871126
148,2969.5,10.5,159.95,147.55,12.4,24.289,52.05,49.65,2.4,26.1995,107669.6,96402.0,45072.4,43056.4,4.0,0.0,51.0,5.0,0.0,260.0,0.0,5e-05,20000000.0,2153392.0,1928040.0,901448.0,861128.0,0.07751965408805031,0.04553262282174598
149,2989.5,10.5,93.75,77.65,16.1,24.2015,25.55,22.3,3.25,26.1625,161324.0,132349.2,49678.0,42916.0,7.0,0.0,51.0,5.0,0.0,430.0,0.0,5e-05,20000000.0,3226480.0,2646984.0,993560.0,858320.0,0.16944963632127635,0.12457081807081807
150,3009.5,10.5,48.75,34.55,14.2,21.5985,9.95,4.9,5.05,23.214,153214.8,100591.2,38759.2,16484.4,14.0,0.0,51.0,5.0,0.0,530.0,0.0,5e-05,20000000.0,3064296.0,2011824.0,775184.0,329688.0,0.2870926274917958,0.49829836829836827
151,3029.5,10.5,46.9,28.0,18.9,24.0755,10.8,8.35,2.45,26.2275,158749.6,88932.8,47643.2,36755.2,14.0,0.0,51.0,5.0,0.0,550.0,0.0,5e-05,20000000.0,3174992.0,1778656.0,952864.0,735104.0,0.40020725744225294,0.20955849705849702
152,3049.5,10.5,159.85,143.0,16.85,24.288,50.85,45.35,5.5,26.2065,105814.8,93584.0,43846.8,38605.2,4.0,0.0,51.0,5.0,0.0,550.0,0.0,5e-05,20000000.0,2116296.0,1871680.0,876936.0,772104.0,0.10539701257861633,0.10659512964792979
153,3069.5,10.5,160.0,149.0,11.0,21.8695,92.65,86.25,6.4,23.3855,23260.0,21150.8,27837.6,26095.6,2.0,0.0,51.0,5.0,0.0,360.0,0.0,5e-05,20000000.0,465200.0,423016.0,556752.0,521912.0,0.06875,0.06886343739957787
154,3089.5,10.5,49.65,34.85,14.8,24.235499999999995,10.65,7.55,3.1,26.188499999999998,172001.6,116313.6,46704.0,33038.8,14.0,0.0,51.0,5.0,0.0,430.0,0.0,5e-05,20000000.0,3440032.0,2326272.0,934080.0,660776.0,0.2972394732888489,0.26552641802641797
155,3109.5,10.5,159.9,147.45,12.45,24.3885,51.35,45.35,6.0,26.316000000000003,105461.6,96302.4,44267.2,38658.0,4.0,0.0,51.0,5.0,0.0,380.0,0.0,5e-05,20000000.0,2109232.0,1926048.0,885344.0,773160.0,0.07784591194968551,0.11559170602606464
156,3129.5,10.5,49.0,30.6,18.4,24.164499999999997,9.75,3.8,5.95,26.214,167076.0,98548.0,42381.2,16403.6,14.0,0.0,51.0,5.0,0.0,610.0,0.0,5e-05,20000000.0,3341520.0,1970960.0,847624.0,328072.0,0.3729918676381138,0.6055808080808079
157,3149.5,10.5,159.85,152.5,7.35,24.3475,51.8,47.35,4.45,26.2685,106816.0,100515.6,44884.8,40700.8,4.0,0.0,51.0,5.0,0.0,210.0,0.0,5e-05,20000000.0,2136320.0,2010312.0,897696.0,814016.0,0.04594929245283018,0.08293737263784431
158,3169.5,10.5,160.0,153.85,6.15,24.2665,91.15,80.5,10.65,26.1685,24925.6,24076.4,30603.2,27241.6,2.0,0.0,51.0,5.0,0.0,460.0,0.0,5e-05,20000000.0,498512.0,481528.0,612064.0,544832.0,0.0384375,0.11657310346445571
159,3189.5,10.5,160.0,158.55,1.45,24.2415,92.9,87.3,5.6,26.1435,24960.0,24716.0,31212.0,29544.0,2.0,0.0,51.0,5.0,0.0,230.0,0.0,5e-05,20000000.0,499200.0,494320.0,624240.0,590880.0,0.009062500000000001,0.0600537883610527
160,3209.5,10.5,157.3,133.65,23.65,19.759999999999998,46.75,42.65,4.1,22.607,85484.0,71209.2,34809.6,32001.6,4.0,0.0,51.0,5.0,0.0,520.0,0.0,5e-05,20000000.0,1709680.0,1424184.0,696192.0,640032.0,0.15041825586658347,0.08645463288895291
161,3229.5,10.5,160.0,157.5,2.5,24.335500000000003,52.65,52.15,0.5,26.252999999999997,104036.0,101888.0,45846.4,45710.4,4.0,0.0,51.0,5.0,0.0,140.0,0.0,5e-05,20000000.0,2080720.0,2037760.0,916928.0,914208.0,0.015625000000000003,0.009399021663172576
162,3249.5,10.5,158.95,125.3,33.65,24.305500000000002,48.35,35.75,12.6,26.242,107349.6,80428.8,41713.2,29252.0,4.0,0.0,51.0,5.0,0.0,510.0,0.0,5e-05,20000000.0,2146992.0,1608576.0,834264.0,585040.0,0.21170791537297987,0.2576226036865536
163,3269.5,10.5,46.25,32.25,14.0,23.566000000000003,10.55,7.25,3.3,22.863999999999997,151439.6,105265.2,40436.0,26114.0,14.0,0.0,51.0,5.0,0.0,340.0,0.0,5e-05,20000000.0,3028792.0,2105304.0,808720.0,522280.0,0.30015504187152964,0.29857808857808854
164,3289.5,10.5,160.0,146.85,13.15,24.201,90.3,77.35,12.95,26.096999999999998,25440.8,23138.4,30241.6,26080.8,2.0,0.0,51.0,5.0,0.0,540.0,0.0,5e-05,20000000.0,508816.0,462768.0,604832.0,521616.0,0.0821875,0.1430780503135276
165,3309.5,10.5,49.05,31.3,17.75,24.203999999999997,10.1,5.2,4.9,26.2385,165047.2,101952.8,43763.6,22397.6,14.0,0.0,51.0,5.0,0.0,660.0,0.0,5e-05,20000000.0,3300944.0,2039056.0,875272.0,447952.0,0.3578354072470186,0.4615201465201465
166,3329.5,10.5,160.0,150.8,9.2,24.2925,89.7,73.0,16.7,26.213500000000003,24985.2,23446.8,30113.6,24669.6,2.0,0.0,51.0,5.0,0.0,450.0,0.0,5e-05,20000000.0,499704.0,468936.0,602272.0,493392.0,0.057499999999999996,0.18544269682964254
167,3349.5,10.5,160.0,154.85,5.15,24.252,92.95,87.85,5.1,26.1595,25173.6,24189.2,31223.2,29748.0,2.0,0.0,51.0,5.0,0.0,180.0,0.0,5e-05,20000000.0,503472.0,483784.0,624464.0,594960.0,0.032187499999999994,0.05475930360654284
168,3369.5,10.5,50.4,40.75,9.65,24.302500000000002,11.0,9.05,1.95,26.297999999999995,178956.8,142055.6,48573.2,39908.0,14.0,0.0,51.0,5.0,0.0,170.0,0.0,5e-05,20000000.0,3579136.0,2841112.0,971464.0,798160.0,0.1886517195261044,0.16762237762237758
169,3389.5,10.5,93.05,70.75,22.3,24.252,22.1,14.55,7.55,26.294,159142.8,119254.0,44488.0,28974.8,7.0,0.0,51.0,5.0,0.0,660.0,0.0,5e-05,20000000.0,3182856.0,2385080.0,889760.0,579496.0,0.23851956127557927,0.32563825888967235
170,3409.5,10.5,94.7,82.7,12.0,24.283499999999997,27.2,25.25,1.95,26.246500000000005,165600.8,142508.0,51888.4,47898.4,7.0,0.0,51.0,5.0,0.0,170.0,0.0,5e-05,20000000.0,3312016.0,2850160.0,1037768.0,957968.0,0.12621394920173087,0.06874657909140665
171,3429.5,10.5,160.0,152.85,7.15,24.297999999999995,90.0,75.7,14.3,26.211000000000002,25220.4,23896.4,30222.4,25592.0,2.0,0.0,51.0,5.0,0.0,410.0,0.0,5e-05,20000000.0,504408.0,477928.0,604448.0,511840.0,0.0446875,0.1580317122143744
172,3449.5,10.5,48.55,33.25,15.3,24.214,10.4,6.85,3.55,26.2705,172244.0,111062.8,45722.8,30048.0,14.0,0.0,51.0,5.0,0.0,470.0,0.0,5e-05,20000000.0,3444880.0,2221256.0,914456.0,600960.0,0.31404629662417743,0.33535450660450655
173,3469.5,10.5,159.5,144.45,15.05,24.273999999999997,51.05,46.7,4.35,26.186,107944.8,95693.2,44226.4,40090.0,4.0,0.0,51.0,5.0,0.0,420.0,0.0,5e-05,20000000.0,2158896.0,1913864.0,884528.0,801800.0,0.09425978723827719,0.08341804492317809
174,3489.5,10.5,94.95,76.0,18.95,21.848999999999997,22.7,15.8,6.9,23.114,148672.4,115338.4,39849.2,25642.0,7.0,0.0,51.0,5.0,0.0,530.0,0.0,5e-05,20000000.0,2973448.0,2306768.0,796984.0,512840.0,0.19837145843934936,0.30098749800923713
175,3509.5,10.5,160.0,148.2,11.8,24.259499999999996,52.15,50.2,1.95,26.181,106059.2,95951.2,45144.0,43624.0,4.0,0.0,51.0,5.0,0.0,180.0,0.0,5e-05,20000000.0,2121184.0,1919024.0,902880.0,872480.0,0.07375000000000001,0.037005060853562484
176,3529.5,10.5,92.65,68.25,24.4,21.913,24.85,14.6,10.25,23.055,137846.4,99786.8,34559.6,22634.4,7.0,0.0,51.0,5.0,0.0,630.0,0.0,5e-05,20000000.0,2756928.0,1995736.0,691192.0,452688.0,0.26275263965251583,0.40844510159727554
177,3549.5,10.5,92.8,72.25,20.55,24.2435,23.1,16.25,6.85,26.297500000000003,159738.8,122767.6,46360.8,32419.6,7.0,0.0,51.0,5.0,0.0,410.0,0.0,5e-05,20000000.0,3194776.0,2455352.0,927216.0,648392.0,0.22029179802500992,0.28675403052748594
178,3569.5,10.5,159.7,140.6,19.1,24.237499999999997,48.55,38.4,10.15,26.151,106502.0,91838.0,41301.2,31874.0,4.0,0.0,51.0,5.0,0.0,450.0,0.0,5e-05,20000000.0,2130040.0,1836760.0,826024.0,637480.0,0.11957154088050315,0.2076956780613049
179,3589.5,10.5,49.95,36.25,13.7,24.264000000000003,10.1,5.95,4.15,26.279499999999995,171415.2,122844.0,44566.8,26127.2,14.0,0.0,51.0,5.0,0.0,450.0,0.0,5e-05,20000000.0,3428304.0,2456880.0,891336.0,522544.0,0.27282647238174784,0.3766092241092241
180,3609.5,10.5,160.0,149.05,10.95,24.1935,90.55,79.6,10.95,26.097,25532.4,23700.8,30379.2,26876.0,2.0,0.0,51.0,5.0,0.0,470.0,0.0,5e-05,20000000.0,510648.0,474016.0,607584.0,537520.0,0.06843750000000001,0.1204360870051427
181,3629.5,10.5,160.0,160.0,0.0,24.205000000000005,51.7,48.25,3.45,26.108500000000003,103684.0,103684.0,44748.8,41541.6,4.0,0.0,51.0,5.0,0.0,110.0,0.0,5e-05,20000000.0,2073680.0,2073680.0,894976.0,830832.0,0.0,0.0664342057416419
182,3649.5,10.5,48.0,25.35,22.65,24.159,9.55,3.45,6.1,26.25,161386.8,80494.0,41750.8,14983.2,14.0,0.0,51.0,5.0,0.0,510.0,0.0,5e-05,20000000.0,3227736.0,1609880.0,835016.0,299664.0,0.4706053095681571,0.6416987179487179
183,3669.5,10.5,49.25,37.85,11.4,24.189,10.35,7.1,3.25,26.228499999999997,174672.4,129358.4,45415.6,31187.2,14.0,0.0,51.0,5.0,0.0,270.0,0.0,5e-05,20000000.0,3493448.0,2587168.0,908312.0,623744.0,0.23016431685224195,0.30625
184,3689.5,10.5,93.5,76.6,16.9,24.154000000000003,24.25,18.6,5.65,26.1375,160433.2,130064.0,47900.4,36476.0,7.0,0.0,51.0,5.0,0.0,460.0,0.0,5e-05,20000000.0,3208664.0,2601280.0,958008.0,729520.0,0.18026513394814675,0.227372567212897
185,3709.5,10.5,94.25,67.8,26.45,19.333000000000002,25.65,21.75,3.9,19.67,118696.0,86834.0,37791.2,29705.6,7.0,0.0,51.0,5.0,0.0,520.0,0.0,5e-05,20000000.0,2373920.0,1736680.0,755824.0,594112.0,0.28045227150070345,0.14512698412698413
186,3729.5,10.5,85.55,59.6,25.95,20.371000000000002,23.95,14.55,9.4,19.3715,120079.2,78048.8,30256.0,17532.0,7.0,0.0,51.0,5.0,0.0,670.0,0.0,5e-05,20000000.0,2401584.0,1560976.0,605120.0,350640.0,0.3020529906367243,0.38508453853735164
187,3749.5,10.5,91.7,68.8,22.9,24.091500000000003,24.95,21.05,3.9,26.127,155122.4,115076.8,48966.0,40899.6,7.0,0.0,51.0,5.0,0.0,550.0,0.0,5e-05,20000000.0,3102448.0,2301536.0,979320.0,817992.0,0.24724073259686263,0.14534194670064235
188,3769.5,10.5,50.75,44.3,6.45,24.167999999999996,11.7,11.7,0.0,26.143,180920.4,156309.2,51632.8,51632.8,14.0,0.0,51.0,5.0,0.0,140.0,0.0,5e-05,20000000.0,3618408.0,3126184.0,1032656.0,1032656.0,0.1252122874766914,0.0
189,3789.5,10.5,92.55,66.8,25.75,24.217500000000005,23.25,17.0,6.25,26.243000000000002,156346.8,111718.4,45446.8,32568.0,7.0,0.0,51.0,5.0,0.0,580.0,0.0,5e-05,20000000.0,3126936.0,2234368.0,908936.0,651360.0,0.27664234618263095,0.2653437142567577
190,3809.5,10.5,95.65,87.25,8.4,24.2605,25.4,21.5,3.9,26.209999999999997,167203.6,151112.4,48786.4,40672.0,7.0,0.0,51.0,5.0,0.0,210.0,0.0,5e-05,20000000.0,3344072.0,3022248.0,975728.0,813440.0,0.08711971627673733,0.14732529156667087
191,3829.5,10.5,160.0,147.25,12.75,24.323999999999998,51.5,45.9,5.6,26.2435,106352.8,96338.8,44040.4,39174.8,4.0,0.0,51.0,5.0,0.0,370.0,0.0,5e-05,20000000.0,2127056.0,1926776.0,880808.0,783496.0,0.0796875,0.10822752885147839
192,3849.5,10.5,158.1,133.05,25.05,22.053,51.7,48.2,3.5,23.387,96810.8,80011.6,40249.2,36994.0,4.0,0.0,51.0,5.0,0.0,590.0,0.0,5e-05,20000000.0,1936216.0,1600232.0,804984.0,739880.0,0.1583710165387519,0.06712798852809948
193,3869.5,10.5,95.05,80.45,14.6,24.2035,27.25,23.55,3.7,26.1495,162202.0,137704.4,50922.8,45717.2,7.0,0.0,51.0,5.0,0.0,380.0,0.0,5e-05,20000000.0,3244040.0,2754088.0,1018456.0,914344.0,0.15313738366995291,0.13348640758985586
194,3889.5,10.5,49.2,30.05,19.15,21.660999999999998,11.1,8.9,2.2,23.3935,147541.6,80335.2,43732.8,34095.2,14.0,0.0,51.0,5.0,0.0,590.0,0.0,5e-05,20000000.0,2950832.0,1606704.0,874656.0,681904.0,0.3870212439741915,0.18659090909090909
195,3909.5,10.5,160.0,152.65,7.35,21.576500000000003,92.35,85.2,7.15,23.3465,22871.6,21747.2,27957.6,25747.2,2.0,0.0,51.0,5.0,0.0,650.0,0.0,5e-05,20000000.0,457432.0,434944.0,559152.0,514944.0,0.0459375,0.0771849209748485
196,3929.5,10.5,48.05,30.85,17.2,24.171,10.35,5.35,5.0,26.294,164578.8,101254.0,45077.6,23182.8,14.0,0.0,51.0,5.0,0.0,540.0,0.0,5e-05,20000000.0,3291576.0,2025080.0,901552.0,463656.0,0.3565506311813457,0.4497781385281385
197,3949.5,10.5,48.1,32.8,15.3,24.0955,9.8,4.95,4.85,26.184000000000005,171388.8,111487.2,42774.0,21476.4,14.0,0.0,51.0,5.0,0.0,410.0,0.0,5e-05,20000000.0,3427776.0,2229744.0,855480.0,429528.0,0.3155114801721025,0.486290515040515
198,3969.5,10.5,48.95,33.65,15.3,24.2505,11.05,9.05,2.0,26.276000000000003,172271.2,112124.4,48940.4,39925.2,14.0,0.0,51.0,5.0,0.0,420.0,0.0,5e-05,20000000.0,3445424.0,2242488.0,978808.0,798504.0,0.3118404131274654,0.17344405594405593
199,3989.5,10.5,96.05,89.45,6.6,24.4835,29.25,29.25,0.0,26.446499999999997,169670.8,156806.8,54637.2,54637.2,7.0,0.0,51.0,5.0,0.0,130.0,0.0,5e-05,20000000.0,3393416.0,3136136.0,1092744.0,1092744.0,0.06820296769824682,0.0
200,4009.5,10.5,93.55,71.0,22.55,21.853500000000004,27.75,26.2,1.55,23.527,146324.4,106061.6,47318.8,44069.6,7.0,0.0,51.0,5.0,0.0,650.0,0.0,5e-05,20000000.0,2926488.0,2121232.0,946376.0,881392.0,0.24094450352035449,0.055588010329389606
