,RNTI,numDLTotal,numDLnew,numReTx_DL,avgMCS_DL,numULTotal,numULnew,numReTx_UL,avgMCS_UL,DL_throughput_bits,DL_goodput_bits,UL_throughput_bits,UL_goodput_bits,TTI,PulseBWoffset,numRBs,NumFrames,FolderName,prf,FreqOffset,PulseWidth,BW,DL_throughput_bps,DL_goodput_bps,UL_throughput_bps,UL_goodput_bps,DLReTxPrcnt,ULReTxPrcnt
0,1,89,38,51,24.53,22,13,9,26.55,146928,59136,45456,26088,7,5000000,51,5,241227-101207_Run_15_Idx_72480,2000,5000000,5e-05,20000000,2938560.0,1182720.0,909120.0,521760.0,0.5730337078651685,0.4090909090909091
1,2,94,42,52,24.06,24,12,12,26.25,144008,64584,47616,23808,7,5000000,51,5,241227-101207_Run_15_Idx_72480,2000,5000000,5e-05,20000000,2880160.0,1291680.0,952320.0,476160.0,0.5531914893617021,0.5
2,3,87,42,45,24.25,21,12,9,26.43,137144,65000,42824,23456,7,5000000,51,5,241227-101207_Run_15_Idx_72480,2000,5000000,5e-05,20000000,2742880.0,1300000.0,856480.0,469120.0,0.5172413793103449,0.42857142857142855
3,4,92,42,50,24.2,21,12,9,25.95,147016,63776,41856,22488,7,5000000,51,5,241227-101207_Run_15_Idx_72480,2000,5000000,5e-05,20000000,2940320.0,1275520.0,837120.0,449760.0,0.5434782608695652,0.42857142857142855
4,5,93,41,52,23.92,21,12,9,25.86,147440,61640,41184,21816,7,5000000,51,5,241227-101207_Run_15_Idx_72480,2000,5000000,5e-05,20000000,2948800.0,1232800.0,823680.0,436320.0,0.5591397849462365,0.42857142857142855
5,6,92,41,51,24.41,20,11,9,26.5,147840,61632,36096,20184,7,5000000,51,5,241227-101207_Run_15_Idx_72480,2000,5000000,5e-05,20000000,2956800.0,1232640.0,721920.0,403680.0,0.5543478260869565,0.45
6,7,92,41,51,24.43,15,12,3,26.87,140712,59848,29304,22848,7,5000000,51,5,241227-101207_Run_15_Idx_72480,2000,5000000,5e-05,20000000,2814240.0,1196960.0,586080.0,456960.0,0.5543478260869565,0.2
7,8,87,40,47,24.63,21,12,9,26.71,140464,59632,41672,24128,7,5000000,51,5,241227-101207_Run_15_Idx_72480,2000,5000000,5e-05,20000000,2809280.0,1192640.0,833440.0,482560.0,0.5402298850574713,0.42857142857142855
8,9,90,39,51,24.29,20,11,9,26.3,143784,58952,40960,21592,7,5000000,51,5,241227-101207_Run_15_Idx_72480,2000,5000000,5e-05,20000000,2875680.0,1179040.0,819200.0,431840.0,0.5666666666666667,0.45
9,10,90,41,49,24.62,21,12,9,26.81,139520,60552,39496,21760,7,5000000,51,5,241227-101207_Run_15_Idx_72480,2000,5000000,5e-05,20000000,2790400.0,1211040.0,789920.0,435200.0,0.5444444444444444,0.42857142857142855
10,11,88,39,49,23.82,19,12,7,25.74,128880,54832,36344,22592,7,5000000,51,5,241227-101207_Run_15_Idx_72480,2000,5000000,5e-05,20000000,2577600.0,1096640.0,726880.0,451840.0,0.5568181818181818,0.3684210526315789
11,12,95,41,54,24.14,22,12,10,25.82,139936,58752,40720,22848,7,5000000,51,5,241227-101207_Run_15_Idx_72480,2000,5000000,5e-05,20000000,2798720.0,1175040.0,814400.0,456960.0,0.5684210526315789,0.45454545454545453
12,13,89,41,48,23.99,16,12,4,26.38,130016,59976,31032,22968,7,5000000,51,5,241227-101207_Run_15_Idx_72480,2000,5000000,5e-05,20000000,2600320.0,1199520.0,620640.0,459360.0,0.5393258426966292,0.25
13,14,85,41,44,24.27,22,11,11,26.27,134928,63200,45520,23064,7,5000000,51,5,241227-101207_Run_15_Idx_72480,2000,5000000,5e-05,20000000,2698560.0,1264000.0,910400.0,461280.0,0.5176470588235295,0.5
14,15,89,40,49,24.12,22,13,9,26.27,133608,60512,46224,26856,7,5000000,51,5,241227-101207_Run_15_Idx_72480,2000,5000000,5e-05,20000000,2672160.0,1210240.0,924480.0,537120.0,0.550561797752809,0.4090909090909091
15,16,91,42,49,24.1,21,12,9,25.95,150664,67040,43048,24448,7,5000000,51,5,241227-101207_Run_15_Idx_72480,2000,5000000,5e-05,20000000,3013280.0,1340800.0,860960.0,488960.0,0.5384615384615384,0.42857142857142855
16,17,82,38,44,24.39,19,10,9,26.47,126256,58712,39800,20432,7,5000000,51,5,241227-101207_Run_15_Idx_72480,2000,5000000,5e-05,20000000,2525120.0,1174240.0,796000.0,408640.0,0.5365853658536586,0.47368421052631576
17,18,89,41,48,24.38,20,11,9,26.45,139472,62944,40672,21688,7,5000000,51,5,241227-101207_Run_15_Idx_72480,2000,5000000,5e-05,20000000,2789440.0,1258880.0,813440.0,433760.0,0.5393258426966292,0.45
18,19,92,39,53,23.74,22,11,11,25.91,135840,57832,44048,21144,7,5000000,51,5,241227-101207_Run_15_Idx_72480,2000,5000000,5e-05,20000000,2716800.0,1156640.0,880960.0,422880.0,0.5760869565217391,0.5
19,20,91,41,50,24.76,27,10,17,26.56,146528,64328,51992,19760,7,5000000,51,5,241227-101207_Run_15_Idx_72480,2000,5000000,5e-05,20000000,2930560.0,1286560.0,1039840.0,395200.0,0.5494505494505495,0.6296296296296297
20,1,160,108,52,24.54,89,56,33,26.53,26600,18736,30096,19104,2,15000000,51,5,241227-101534_Run_21_Idx_42896,2000,15000000,5e-05,20000000,532000.0,374720.0,601920.0,382080.0,0.325,0.3707865168539326
21,2,160,97,63,24.66,94,55,39,26.32,24880,15672,31328,18464,2,15000000,51,5,241227-101534_Run_21_Idx_42896,2000,15000000,5e-05,20000000,497600.0,313440.0,626560.0,369280.0,0.39375,0.4148936170212766
22,3,160,101,59,24.12,89,59,30,25.9,22880,14792,28976,19424,2,15000000,51,5,241227-101534_Run_21_Idx_42896,2000,15000000,5e-05,20000000,457600.0,295840.0,579520.0,388480.0,0.36875,0.33707865168539325
23,4,160,104,56,24.52,84,57,27,26.57,23912,15784,28304,19456,2,15000000,51,5,241227-101534_Run_21_Idx_42896,2000,15000000,5e-05,20000000,478240.0,315680.0,566080.0,389120.0,0.35,0.32142857142857145
24,5,160,108,52,24.59,84,59,25,26.29,25296,17264,28544,20064,2,15000000,51,5,241227-101534_Run_21_Idx_42896,2000,15000000,5e-05,20000000,505920.0,345280.0,570880.0,401280.0,0.325,0.2976190476190476
25,6,160,103,57,24.26,79,56,23,26.09,23960,15688,26672,18992,2,15000000,51,5,241227-101534_Run_21_Idx_42896,2000,15000000,5e-05,20000000,479200.0,313760.0,533440.0,379840.0,0.35625,0.2911392405063291
26,7,160,103,57,23.6,83,57,26,25.53,22680,14784,28048,19264,2,15000000,51,5,241227-101534_Run_21_Idx_42896,2000,15000000,5e-05,20000000,453600.0,295680.0,560960.0,385280.0,0.35625,0.3132530120481928
27,8,160,112,48,24.59,90,56,34,26.53,27760,20416,30480,18960,2,15000000,51,5,241227-101534_Run_21_Idx_42896,2000,15000000,5e-05,20000000,555200.0,408320.0,609600.0,379200.0,0.3,0.37777777777777777
28,9,160,115,45,23.98,83,54,29,25.67,25976,19664,27584,17920,2,15000000,51,5,241227-101534_Run_21_Idx_42896,2000,15000000,5e-05,20000000,519520.0,393280.0,551680.0,358400.0,0.28125,0.3493975903614458
29,10,160,106,54,24.28,88,55,33,26.07,24560,16584,28288,18160,2,15000000,51,5,241227-101534_Run_21_Idx_42896,2000,15000000,5e-05,20000000,491200.0,331680.0,565760.0,363200.0,0.3375,0.375
30,11,160,97,63,24.64,84,55,29,26.42,24240,14704,28560,18832,2,15000000,51,5,241227-101534_Run_21_Idx_42896,2000,15000000,5e-05,20000000,484800.0,294080.0,571200.0,376640.0,0.39375,0.34523809523809523
31,12,160,101,59,24.46,85,56,29,26.36,23880,15008,28304,18848,2,15000000,51,5,241227-101534_Run_21_Idx_42896,2000,15000000,5e-05,20000000,477600.0,300160.0,566080.0,376960.0,0.36875,0.3411764705882353
32,13,160,104,56,24.27,79,55,24,26.27,24368,15776,26544,18704,2,15000000,51,5,241227-101534_Run_21_Idx_42896,2000,15000000,5e-05,20000000,487360.0,315520.0,530880.0,374080.0,0.35,0.3037974683544304
33,14,160,107,53,24.58,78,55,23,26.56,25232,17624,26944,19088,2,15000000,51,5,241227-101534_Run_21_Idx_42896,2000,15000000,5e-05,20000000,504640.0,352480.0,538880.0,381760.0,0.33125,0.2948717948717949
34,15,160,101,59,24.14,84,57,27,26.12,24728,15424,27584,19056,2,15000000,51,5,241227-101534_Run_21_Idx_42896,2000,15000000,5e-05,20000000,494560.0,308480.0,551680.0,381120.0,0.36875,0.32142857142857145
35,16,160,107,53,24.48,84,56,28,26.38,25752,17664,27616,18544,2,15000000,51,5,241227-101534_Run_21_Idx_42896,2000,15000000,5e-05,20000000,515040.0,353280.0,552320.0,370880.0,0.33125,0.3333333333333333
36,17,160,107,53,24.24,82,55,27,26.12,25168,17176,26288,17968,2,15000000,51,5,241227-101534_Run_21_Idx_42896,2000,15000000,5e-05,20000000,503360.0,343520.0,525760.0,359360.0,0.33125,0.32926829268292684
37,18,160,115,45,24.2,90,54,36,26.33,29176,22056,30560,18368,2,15000000,51,5,241227-101534_Run_21_Idx_42896,2000,15000000,5e-05,20000000,583520.0,441120.0,611200.0,367360.0,0.28125,0.4
38,19,160,109,51,24.25,87,54,33,26.17,24424,16648,28816,18192,2,15000000,51,5,241227-101534_Run_21_Idx_42896,2000,15000000,5e-05,20000000,488480.0,332960.0,576320.0,363840.0,0.31875,0.3793103448275862
39,20,160,105,55,24.55,90,57,33,26.49,24320,15944,30032,19200,2,15000000,51,5,241227-101534_Run_21_Idx_42896,2000,15000000,5e-05,20000000,486400.0,318880.0,600640.0,384000.0,0.34375,0.36666666666666664
40,1,160,115,45,24.07,81,44,37,25.77,24488,17456,27408,14752,2,1000000,51,5,241227-101056_Run_5_Idx_5735,2000,1000000,5e-05,20000000,489760.0,349120.0,548160.0,295040.0,0.28125,0.4567901234567901
41,2,160,110,50,24.25,90,44,46,26.09,24720,16768,29520,14640,2,1000000,51,5,241227-101056_Run_5_Idx_5735,2000,1000000,5e-05,20000000,494400.0,335360.0,590400.0,292800.0,0.3125,0.5111111111111111
42,3,160,110,50,24.09,83,43,40,25.84,24040,16240,26688,13936,2,1000000,51,5,241227-101056_Run_5_Idx_5735,2000,1000000,5e-05,20000000,480800.0,324800.0,533760.0,278720.0,0.3125,0.4819277108433735
43,4,160,109,51,24.31,81,43,38,26.09,24352,16464,26656,14256,2,1000000,51,5,241227-101056_Run_5_Idx_5735,2000,1000000,5e-05,20000000,487040.0,329280.0,533120.0,285120.0,0.31875,0.4691358024691358
44,5,160,113,47,24.11,77,43,34,26.17,28312,21280,25760,14448,2,1000000,51,5,241227-101056_Run_5_Idx_5735,2000,1000000,5e-05,20000000,566240.0,425600.0,515200.0,288960.0,0.29375,0.44155844155844154
45,6,160,110,50,24.88,76,42,34,26.82,24560,16960,25664,14336,2,1000000,51,5,241227-101056_Run_5_Idx_5735,2000,1000000,5e-05,20000000,491200.0,339200.0,513280.0,286720.0,0.3125,0.4473684210526316
46,7,160,104,56,24.64,83,45,38,26.69,24112,15504,27648,15056,2,1000000,51,5,241227-101056_Run_5_Idx_5735,2000,1000000,5e-05,20000000,482240.0,310080.0,552960.0,301120.0,0.35,0.4578313253012048
47,8,160,110,50,24.25,74,46,28,26.16,23864,16896,24736,15472,2,1000000,51,5,241227-101056_Run_5_Idx_5735,2000,1000000,5e-05,20000000,477280.0,337920.0,494720.0,309440.0,0.3125,0.3783783783783784
48,9,160,110,50,24.45,79,46,33,26.32,23912,16776,25936,15280,2,1000000,51,5,241227-101056_Run_5_Idx_5735,2000,1000000,5e-05,20000000,478240.0,335520.0,518720.0,305600.0,0.3125,0.4177215189873418
49,10,160,111,49,24.46,80,44,36,26.35,26224,18952,26336,14672,2,1000000,51,5,241227-101056_Run_5_Idx_5735,2000,1000000,5e-05,20000000,524480.0,379040.0,526720.0,293440.0,0.30625,0.45
50,11,160,109,51,24.29,85,44,41,26.25,23608,16224,27344,14432,2,1000000,51,5,241227-101056_Run_5_Idx_5735,2000,1000000,5e-05,20000000,472160.0,324480.0,546880.0,288640.0,0.31875,0.4823529411764706
51,12,160,108,52,24.42,80,44,36,26.2,23824,16336,27152,15024,2,1000000,51,5,241227-101056_Run_5_Idx_5735,2000,1000000,5e-05,20000000,476480.0,326720.0,543040.0,300480.0,0.325,0.45
52,13,160,108,52,24.45,81,45,36,26.31,23920,16568,27424,15264,2,1000000,51,5,241227-101056_Run_5_Idx_5735,2000,1000000,5e-05,20000000,478400.0,331360.0,548480.0,305280.0,0.325,0.4444444444444444
53,14,160,111,49,24.11,85,45,40,25.85,24304,17248,28144,15040,2,1000000,51,5,241227-101056_Run_5_Idx_5735,2000,1000000,5e-05,20000000,486080.0,344960.0,562880.0,300800.0,0.30625,0.47058823529411764
54,15,160,111,49,24.15,80,46,34,26.08,24744,17192,27168,15744,2,1000000,51,5,241227-101056_Run_5_Idx_5735,2000,1000000,5e-05,20000000,494880.0,343840.0,543360.0,314880.0,0.30625,0.425
55,16,160,112,48,23.98,82,46,36,25.85,26408,18968,27056,15264,2,1000000,51,5,241227-101056_Run_5_Idx_5735,2000,1000000,5e-05,20000000,528160.0,379360.0,541120.0,305280.0,0.3,0.43902439024390244
56,17,160,108,52,24.47,84,43,41,26.36,24480,16624,27568,14272,2,1000000,51,5,241227-101056_Run_5_Idx_5735,2000,1000000,5e-05,20000000,489600.0,332480.0,551360.0,285440.0,0.325,0.4880952380952381
57,18,160,112,48,24.36,81,42,39,26.16,24024,16880,27472,14224,2,1000000,51,5,241227-101056_Run_5_Idx_5735,2000,1000000,5e-05,20000000,480480.0,337600.0,549440.0,284480.0,0.3,0.48148148148148145
58,19,160,114,46,24.49,82,44,38,26.56,29176,22128,27760,14880,2,1000000,51,5,241227-101056_Run_5_Idx_5735,2000,1000000,5e-05,20000000,583520.0,442560.0,555200.0,297600.0,0.2875,0.4634146341463415
59,20,160,113,47,24.05,76,43,33,25.82,24240,17136,25824,14448,2,1000000,51,5,241227-101056_Run_5_Idx_5735,2000,1000000,5e-05,20000000,484800.0,342720.0,516480.0,288960.0,0.29375,0.4342105263157895
60,1,50,18,32,23.4,9,3,6,26.11,133256,45696,39336,12456,14,5000000,51,5,241227-101206_Run_16_Idx_79803,2000,5000000,5e-05,20000000,2665120.0,913920.0,786720.0,249120.0,0.64,0.6666666666666666
61,2,46,16,30,24.09,12,3,9,26.5,122272,39504,55296,13824,14,5000000,51,5,241227-101206_Run_16_Idx_79803,2000,5000000,5e-05,20000000,2445440.0,790080.0,1105920.0,276480.0,0.6521739130434783,0.75
62,3,51,19,32,23.94,9,3,6,25.67,145120,51488,38312,12200,14,5000000,51,5,241227-101206_Run_16_Idx_79803,2000,5000000,5e-05,20000000,2902400.0,1029760.0,766240.0,244000.0,0.6274509803921569,0.6666666666666666
63,4,45,17,28,24.33,12,3,9,26.5,131904,46840,54272,13568,14,5000000,51,5,241227-101206_Run_16_Idx_79803,2000,5000000,5e-05,20000000,2638080.0,936800.0,1085440.0,271360.0,0.6222222222222222,0.75
64,5,46,17,29,24.61,12,3,9,26.33,141768,47752,53248,13312,14,5000000,51,5,241227-101206_Run_16_Idx_79803,2000,5000000,5e-05,20000000,2835360.0,955040.0,1064960.0,266240.0,0.6304347826086957,0.75
65,6,51,18,33,23.98,12,3,9,26.0,146552,48032,43328,10832,14,5000000,51,5,241227-101206_Run_16_Idx_79803,2000,5000000,5e-05,20000000,2931040.0,960640.0,866560.0,216640.0,0.6470588235294118,0.75
66,7,52,18,34,24.23,11,3,8,26.09,149272,47480,43424,11944,14,5000000,51,5,241227-101206_Run_16_Idx_79803,2000,5000000,5e-05,20000000,2985440.0,949600.0,868480.0,238880.0,0.6538461538461539,0.7272727272727273
67,8,40,15,25,23.5,7,2,5,26.14,99808,35088,32256,9216,14,5000000,51,5,241227-101206_Run_16_Idx_79803,2000,5000000,5e-05,20000000,1996160.0,701760.0,645120.0,184320.0,0.625,0.7142857142857143
68,9,52,18,34,24.69,11,3,8,26.64,154000,51336,45216,12456,14,5000000,51,5,241227-101206_Run_16_Idx_79803,2000,5000000,5e-05,20000000,3080000.0,1026720.0,904320.0,249120.0,0.6538461538461539,0.7272727272727273
69,10,53,19,34,24.81,8,2,6,26.5,156384,55320,31392,7848,14,5000000,51,5,241227-101206_Run_16_Idx_79803,2000,5000000,5e-05,20000000,3127680.0,1106400.0,627840.0,156960.0,0.6415094339622641,0.75
70,11,44,17,27,24.41,11,3,8,26.64,135976,49304,50688,13824,14,5000000,51,5,241227-101206_Run_16_Idx_79803,2000,5000000,5e-05,20000000,2719520.0,986080.0,1013760.0,276480.0,0.6136363636363636,0.7272727272727273
71,12,53,19,34,24.74,11,3,8,26.45,155672,54872,48896,13312,14,5000000,51,5,241227-101206_Run_16_Idx_79803,2000,5000000,5e-05,20000000,3113440.0,1097440.0,977920.0,266240.0,0.6415094339622641,0.7272727272727273
72,13,52,18,34,24.46,8,2,6,26.25,150960,52384,32416,8104,14,5000000,51,5,241227-101206_Run_16_Idx_79803,2000,5000000,5e-05,20000000,3019200.0,1047680.0,648320.0,162080.0,0.6538461538461539,0.75
73,14,57,20,37,24.82,7,2,5,26.14,182488,62880,31232,8960,14,5000000,51,5,241227-101206_Run_16_Idx_79803,2000,5000000,5e-05,20000000,3649760.0,1257600.0,624640.0,179200.0,0.6491228070175439,0.7142857142857143
74,15,53,19,34,24.09,9,3,6,25.89,149352,52088,34976,12200,14,5000000,51,5,241227-101206_Run_16_Idx_79803,2000,5000000,5e-05,20000000,2987040.0,1041760.0,699520.0,244000.0,0.6415094339622641,0.6666666666666666
75,16,48,17,31,24.79,11,3,8,26.82,130496,47904,49664,13568,14,5000000,51,5,241227-101206_Run_16_Idx_79803,2000,5000000,5e-05,20000000,2609920.0,958080.0,993280.0,271360.0,0.6458333333333334,0.7272727272727273
76,17,50,19,31,24.48,10,3,7,26.4,130928,48520,42832,12456,14,5000000,51,5,241227-101206_Run_16_Idx_79803,2000,5000000,5e-05,20000000,2618560.0,970400.0,856640.0,249120.0,0.62,0.7
77,18,47,16,31,24.11,10,3,7,25.8,131416,44448,41808,12200,14,5000000,51,5,241227-101206_Run_16_Idx_79803,2000,5000000,5e-05,20000000,2628320.0,888960.0,836160.0,244000.0,0.6595744680851063,0.7
78,19,47,17,30,24.64,9,3,6,26.78,138592,49048,39248,12712,14,5000000,51,5,241227-101206_Run_16_Idx_79803,2000,5000000,5e-05,20000000,2771840.0,980960.0,784960.0,254240.0,0.6382978723404256,0.6666666666666666
79,20,42,16,26,24.29,8,2,6,26.5,135944,45856,36864,9216,14,5000000,51,5,241227-101206_Run_16_Idx_79803,2000,5000000,5e-05,20000000,2718880.0,917120.0,737280.0,184320.0,0.6190476190476191,0.75
80,1,157,121,36,24.49,41,37,4,26.32,128112,93768,33880,29688,4,15000000,51,5,241227-101610_Run_22_Idx_65072,2000,15000000,5e-05,20000000,2562240.0,1875360.0,677600.0,593760.0,0.22929936305732485,0.0975609756097561
81,2,159,116,43,24.95,49,36,13,27.0,104744,73040,43024,29960,4,15000000,51,5,241227-101610_Run_22_Idx_65072,2000,15000000,5e-05,20000000,2094880.0,1460800.0,860480.0,599200.0,0.27044025157232704,0.2653061224489796
82,3,158,113,45,23.9,46,36,10,25.83,162120,93424,39816,29560,4,15000000,51,5,241227-101610_Run_22_Idx_65072,2000,15000000,5e-05,20000000,3242400.0,1868480.0,796320.0,591200.0,0.2848101265822785,0.21739130434782608
83,4,157,116,41,24.02,50,37,13,25.84,104312,72976,42408,30648,4,15000000,51,5,241227-101610_Run_22_Idx_65072,2000,15000000,5e-05,20000000,2086240.0,1459520.0,848160.0,612960.0,0.2611464968152866,0.26
84,5,158,119,39,24.58,47,32,15,26.7,107624,75920,41856,27104,4,15000000,51,5,241227-101610_Run_22_Idx_65072,2000,15000000,5e-05,20000000,2152480.0,1518400.0,837120.0,542080.0,0.2468354430379747,0.3191489361702128
85,6,157,116,41,24.63,46,32,14,26.57,106152,75832,41080,26672,4,15000000,51,5,241227-101610_Run_22_Idx_65072,2000,15000000,5e-05,20000000,2123040.0,1516640.0,821600.0,533440.0,0.2611464968152866,0.30434782608695654
86,7,158,119,39,24.44,50,35,15,26.32,110392,79048,44288,28712,4,15000000,51,5,241227-101610_Run_22_Idx_65072,2000,15000000,5e-05,20000000,2207840.0,1580960.0,885760.0,574240.0,0.2468354430379747,0.3
87,8,160,115,45,24.12,51,33,18,26.1,110976,71376,43712,25736,4,15000000,51,5,241227-101610_Run_22_Idx_65072,2000,15000000,5e-05,20000000,2219520.0,1427520.0,874240.0,514720.0,0.28125,0.35294117647058826
88,9,158,120,38,24.56,50,31,19,26.36,109120,78800,46576,26648,4,15000000,51,5,241227-101610_Run_22_Idx_65072,2000,15000000,5e-05,20000000,2182400.0,1576000.0,931520.0,532960.0,0.24050632911392406,0.38
89,10,158,118,40,23.95,54,34,20,25.93,101440,72584,50600,29672,4,15000000,51,5,241227-101610_Run_22_Idx_65072,2000,15000000,5e-05,20000000,2028800.0,1451680.0,1012000.0,593440.0,0.25316455696202533,0.37037037037037035
90,11,159,123,36,23.7,53,34,19,25.64,109064,79352,46712,27968,4,15000000,51,5,241227-101610_Run_22_Idx_65072,2000,15000000,5e-05,20000000,2181280.0,1587040.0,934240.0,559360.0,0.22641509433962265,0.3584905660377358
91,12,157,121,36,24.15,51,35,16,26.1,105376,77560,45664,28864,4,15000000,51,5,241227-101610_Run_22_Idx_65072,2000,15000000,5e-05,20000000,2107520.0,1551200.0,913280.0,577280.0,0.22929936305732485,0.3137254901960784
92,13,155,125,30,24.08,51,35,16,26.14,154104,100152,44976,28912,4,15000000,51,5,241227-101610_Run_22_Idx_65072,2000,15000000,5e-05,20000000,3082080.0,2003040.0,899520.0,578240.0,0.1935483870967742,0.3137254901960784
93,14,158,118,40,24.56,50,32,18,26.56,103912,74816,44424,26648,4,15000000,51,5,241227-101610_Run_22_Idx_65072,2000,15000000,5e-05,20000000,2078240.0,1496320.0,888480.0,532960.0,0.25316455696202533,0.36
94,15,158,117,41,23.96,46,36,10,25.87,104832,74120,40536,30088,4,15000000,51,5,241227-101610_Run_22_Idx_65072,2000,15000000,5e-05,20000000,2096640.0,1482400.0,810720.0,601760.0,0.25949367088607594,0.21739130434782608
95,16,159,117,42,24.3,48,36,12,26.21,110016,76488,41176,29264,4,15000000,51,5,241227-101610_Run_22_Idx_65072,2000,15000000,5e-05,20000000,2200320.0,1529760.0,823520.0,585280.0,0.2641509433962264,0.25
96,17,160,117,43,24.19,45,37,8,26.07,109040,73976,38496,30472,4,15000000,51,5,241227-101610_Run_22_Idx_65072,2000,15000000,5e-05,20000000,2180800.0,1479520.0,769920.0,609440.0,0.26875,0.17777777777777778
97,18,160,114,46,24.3,43,37,6,26.35,105296,70448,35824,29952,4,15000000,51,5,241227-101610_Run_22_Idx_65072,2000,15000000,5e-05,20000000,2105920.0,1408960.0,716480.0,599040.0,0.2875,0.13953488372093023
98,19,157,119,38,24.52,42,36,6,26.38,111824,82848,34480,28352,4,15000000,51,5,241227-101610_Run_22_Idx_65072,2000,15000000,5e-05,20000000,2236480.0,1656960.0,689600.0,567040.0,0.24203821656050956,0.14285714285714285
99,20,158,113,45,24.48,44,36,8,26.41,114280,74088,34504,27576,4,15000000,51,5,241227-101610_Run_22_Idx_65072,2000,15000000,5e-05,20000000,2285600.0,1481760.0,690080.0,551520.0,0.2848101265822785,0.18181818181818182
100,1,49,15,34,23.78,12,3,9,26.5,108432,34904,50848,12712,14,0,51,5,241227-100823_Run_4_Idx_62965,2000,0,5e-05,20000000,2168640.0,698080.0,1016960.0,254240.0,0.6938775510204082,0.75
101,2,51,15,36,24.08,11,3,8,26.45,111856,33520,47352,12712,14,0,51,5,241227-100823_Run_4_Idx_62965,2000,0,5e-05,20000000,2237120.0,670400.0,947040.0,254240.0,0.7058823529411765,0.7272727272727273
102,3,48,15,33,23.33,11,3,8,25.73,109616,36224,49920,13568,14,0,51,5,241227-100823_Run_4_Idx_62965,2000,0,5e-05,20000000,2192320.0,724480.0,998400.0,271360.0,0.6875,0.7272727272727273
103,4,48,15,33,23.17,11,3,8,25.73,88344,29824,49920,13568,14,0,51,5,241227-100823_Run_4_Idx_62965,2000,0,5e-05,20000000,1766880.0,596480.0,998400.0,271360.0,0.6875,0.7272727272727273
104,5,45,14,31,24.0,12,4,8,26.17,91192,27816,53160,16808,14,0,51,5,241227-100823_Run_4_Idx_62965,2000,0,5e-05,20000000,1823840.0,556320.0,1063200.0,336160.0,0.6888888888888889,0.6666666666666666
105,6,51,16,35,24.65,11,3,8,26.64,112088,36296,44192,12200,14,0,51,5,241227-100823_Run_4_Idx_62965,2000,0,5e-05,20000000,2241760.0,725920.0,883840.0,244000.0,0.6862745098039216,0.7272727272727273
106,7,49,15,34,24.27,8,2,6,26.5,118728,36608,32416,8104,14,0,51,5,241227-100823_Run_4_Idx_62965,2000,0,5e-05,20000000,2374560.0,732160.0,648320.0,162080.0,0.6938775510204082,0.75
107,8,48,15,33,24.25,8,2,6,26.25,117576,37632,31392,7848,14,0,51,5,241227-100823_Run_4_Idx_62965,2000,0,5e-05,20000000,2351520.0,752640.0,627840.0,156960.0,0.6875,0.75
108,9,50,16,34,24.4,11,3,8,26.09,124808,41200,44192,12200,14,0,51,5,241227-100823_Run_4_Idx_62965,2000,0,5e-05,20000000,2496160.0,824000.0,883840.0,244000.0,0.68,0.7272727272727273
109,10,44,14,30,24.64,10,3,7,26.2,119112,38016,38384,11344,14,0,51,5,241227-100823_Run_4_Idx_62965,2000,0,5e-05,20000000,2382240.0,760320.0,767680.0,226880.0,0.6818181818181818,0.7
110,11,49,15,34,24.45,6,2,4,26.67,123544,41096,25424,8104,14,0,51,5,241227-100823_Run_4_Idx_62965,2000,0,5e-05,20000000,2470880.0,821920.0,508480.0,162080.0,0.6938775510204082,0.6666666666666666
111,12,49,15,34,24.06,8,2,6,26.0,136568,44352,35840,8960,14,0,51,5,241227-100823_Run_4_Idx_62965,2000,0,5e-05,20000000,2731360.0,887040.0,716800.0,179200.0,0.6938775510204082,0.75
112,13,46,14,32,23.91,9,3,6,26.11,119336,37672,32320,11344,14,0,51,5,241227-100823_Run_4_Idx_62965,2000,0,5e-05,20000000,2386720.0,753440.0,646400.0,226880.0,0.6956521739130435,0.6666666666666666
113,14,47,14,33,24.36,8,2,6,26.5,133864,41992,36864,9216,14,0,51,5,241227-100823_Run_4_Idx_62965,2000,0,5e-05,20000000,2677280.0,839840.0,737280.0,184320.0,0.7021276595744681,0.75
114,15,50,15,35,24.0,8,2,6,26.25,138248,43728,36864,9216,14,0,51,5,241227-100823_Run_4_Idx_62965,2000,0,5e-05,20000000,2764960.0,874560.0,737280.0,184320.0,0.7,0.75
115,16,52,16,36,24.13,8,2,6,26.25,157064,50672,36864,9216,14,0,51,5,241227-100823_Run_4_Idx_62965,2000,0,5e-05,20000000,3141280.0,1013440.0,737280.0,184320.0,0.6923076923076923,0.75
116,17,48,15,33,24.17,10,3,7,26.4,131384,43576,42832,12456,14,0,51,5,241227-100823_Run_4_Idx_62965,2000,0,5e-05,20000000,2627680.0,871520.0,856640.0,249120.0,0.6875,0.7
117,18,52,16,36,24.58,8,2,6,26.25,141072,44216,35840,8960,14,0,51,5,241227-100823_Run_4_Idx_62965,2000,0,5e-05,20000000,2821440.0,884320.0,716800.0,179200.0,0.6923076923076923,0.75
118,19,48,15,33,24.04,8,2,6,25.75,110896,35608,35840,8960,14,0,51,5,241227-100823_Run_4_Idx_62965,2000,0,5e-05,20000000,2217920.0,712160.0,716800.0,179200.0,0.6875,0.75
119,20,46,14,32,24.0,9,3,6,26.33,108880,33608,40104,12456,14,0,51,5,241227-100823_Run_4_Idx_62965,2000,0,5e-05,20000000,2177600.0,672160.0,802080.0,249120.0,0.6956521739130435,0.6666666666666666
120,1,160,117,43,0.87,55,33,22,0.0,4592,3216,1320,792,2,0,51,5,241227-101030_Run_1_Idx_54920,2000,0,5e-05,20000000,91840.0,64320.0,26400.0,15840.0,0.26875,0.4
121,2,160,121,39,0.69,56,32,24,0.0,4384,3168,1344,768,2,0,51,5,241227-101030_Run_1_Idx_54920,2000,0,5e-05,20000000,87680.0,63360.0,26880.0,15360.0,0.24375,0.42857142857142855
122,3,160,121,39,0.62,53,31,22,0.0,4136,3120,1272,744,2,0,51,5,241227-101030_Run_1_Idx_54920,2000,0,5e-05,20000000,82720.0,62400.0,25440.0,14880.0,0.24375,0.41509433962264153
123,4,160,127,33,0.78,58,31,27,0.0,4544,3560,1392,744,2,0,51,5,241227-101030_Run_1_Idx_54920,2000,0,5e-05,20000000,90880.0,71200.0,27840.0,14880.0,0.20625,0.46551724137931033
124,5,160,117,43,0.61,57,32,25,0.0,4128,3024,1368,768,2,0,51,5,241227-101030_Run_1_Idx_54920,2000,0,5e-05,20000000,82560.0,60480.0,27360.0,15360.0,0.26875,0.43859649122807015
125,6,160,120,40,0.79,52,32,20,0.02,4336,3280,1248,768,2,0,51,5,241227-101030_Run_1_Idx_54920,2000,0,5e-05,20000000,86720.0,65600.0,24960.0,15360.0,0.25,0.38461538461538464
126,7,160,119,41,0.79,55,32,23,0.0,4336,3248,1320,768,2,0,51,5,241227-101030_Run_1_Idx_54920,2000,0,5e-05,20000000,86720.0,64960.0,26400.0,15360.0,0.25625,0.41818181818181815
127,8,160,122,38,0.71,47,30,17,0.0,4208,3240,1128,720,2,0,51,5,241227-101030_Run_1_Idx_54920,2000,0,5e-05,20000000,84160.0,64800.0,22560.0,14400.0,0.2375,0.3617021276595745
128,9,160,124,36,0.89,46,31,15,0.0,4392,3392,1104,744,2,0,51,5,241227-101030_Run_1_Idx_54920,2000,0,5e-05,20000000,87840.0,67840.0,22080.0,14880.0,0.225,0.32608695652173914
129,10,160,121,39,0.71,47,32,15,0.0,4256,3176,1128,768,2,0,51,5,241227-101030_Run_1_Idx_54920,2000,0,5e-05,20000000,85120.0,63520.0,22560.0,15360.0,0.24375,0.3191489361702128
130,11,160,118,42,0.62,50,34,16,0.0,4216,3048,1200,816,2,0,51,5,241227-101030_Run_1_Idx_54920,2000,0,5e-05,20000000,84320.0,60960.0,24000.0,16320.0,0.2625,0.32
131,12,160,122,38,0.72,53,32,21,0.0,4280,3208,1272,768,2,0,51,5,241227-101030_Run_1_Idx_54920,2000,0,5e-05,20000000,85600.0,64160.0,25440.0,15360.0,0.2375,0.39622641509433965
132,13,160,121,39,0.67,50,33,17,0.02,4288,3216,1200,792,2,0,51,5,241227-101030_Run_1_Idx_54920,2000,0,5e-05,20000000,85760.0,64320.0,24000.0,15840.0,0.24375,0.34
133,14,160,115,45,0.72,51,32,19,0.0,4312,3152,1224,768,2,0,51,5,241227-101030_Run_1_Idx_54920,2000,0,5e-05,20000000,86240.0,63040.0,24480.0,15360.0,0.28125,0.37254901960784315
134,15,160,120,40,0.7,57,32,25,0.0,4328,3216,1368,768,2,0,51,5,241227-101030_Run_1_Idx_54920,2000,0,5e-05,20000000,86560.0,64320.0,27360.0,15360.0,0.25,0.43859649122807015
135,16,160,124,36,0.78,54,30,24,0.0,4392,3472,1296,720,2,0,51,5,241227-101030_Run_1_Idx_54920,2000,0,5e-05,20000000,87840.0,69440.0,25920.0,14400.0,0.225,0.4444444444444444
136,17,160,117,43,0.71,54,30,24,0.0,4280,3128,1296,720,2,0,51,5,241227-101030_Run_1_Idx_54920,2000,0,5e-05,20000000,85600.0,62560.0,25920.0,14400.0,0.26875,0.4444444444444444
137,18,160,126,34,0.61,54,30,24,0.0,4096,3240,1296,720,2,0,51,5,241227-101030_Run_1_Idx_54920,2000,0,5e-05,20000000,81920.0,64800.0,25920.0,14400.0,0.2125,0.4444444444444444
138,19,160,114,46,0.72,61,31,30,0.0,4272,3056,1464,744,2,0,51,5,241227-101030_Run_1_Idx_54920,2000,0,5e-05,20000000,85440.0,61120.0,29280.0,14880.0,0.2875,0.4918032786885246
139,20,160,126,34,0.85,56,32,24,0.0,4384,3440,1344,768,2,0,51,5,241227-101030_Run_1_Idx_54920,2000,0,5e-05,20000000,87680.0,68800.0,26880.0,15360.0,0.2125,0.42857142857142855
140,1,90,39,51,24.22,24,11,13,26.33,132040,55488,45184,20888,7,10000000,51,5,241227-101446_Run_19_Idx_95468,2000,10000000,5e-05,20000000,2640800.0,1109760.0,903680.0,417760.0,0.5666666666666667,0.5416666666666666
141,2,93,41,52,24.25,22,13,9,26.41,146800,61040,46000,26632,7,10000000,51,5,241227-101446_Run_19_Idx_95468,2000,10000000,5e-05,20000000,2936000.0,1220800.0,920000.0,532640.0,0.5591397849462365,0.4090909090909091
142,3,96,36,60,24.24,22,13,9,26.27,155232,52952,44400,25800,7,10000000,51,5,241227-101446_Run_19_Idx_95468,2000,10000000,5e-05,20000000,3104640.0,1059040.0,888000.0,516000.0,0.625,0.4090909090909091
143,4,98,38,60,24.33,24,12,12,26.08,162032,57640,47552,23264,7,10000000,51,5,241227-101446_Run_19_Idx_95468,2000,10000000,5e-05,20000000,3240640.0,1152800.0,951040.0,465280.0,0.6122448979591837,0.5
144,5,93,36,57,24.25,22,11,11,26.55,147744,52712,43888,21432,7,10000000,51,5,241227-101446_Run_19_Idx_95468,2000,10000000,5e-05,20000000,2954880.0,1054240.0,877760.0,428640.0,0.6129032258064516,0.5
145,6,92,38,54,24.28,20,11,9,26.7,150968,55792,39648,21912,7,10000000,51,5,241227-101446_Run_19_Idx_95468,2000,10000000,5e-05,20000000,3019360.0,1115840.0,792960.0,438240.0,0.5869565217391305,0.45
146,7,93,38,55,24.29,18,12,6,26.22,143896,56592,35120,22976,7,10000000,51,5,241227-101446_Run_19_Idx_95468,2000,10000000,5e-05,20000000,2877920.0,1131840.0,702400.0,459520.0,0.5913978494623656,0.3333333333333333
147,8,93,39,54,24.31,21,12,9,26.24,147768,57504,41704,23104,7,10000000,51,5,241227-101446_Run_19_Idx_95468,2000,10000000,5e-05,20000000,2955360.0,1150080.0,834080.0,462080.0,0.5806451612903226,0.42857142857142855
148,9,88,40,48,24.16,23,11,12,26.48,133168,57528,47416,21592,7,10000000,51,5,241227-101446_Run_19_Idx_95468,2000,10000000,5e-05,20000000,2663360.0,1150560.0,948320.0,431840.0,0.5454545454545454,0.5217391304347826
149,10,86,42,44,24.02,24,12,12,26.08,136120,64672,48192,23136,7,10000000,51,5,241227-101446_Run_19_Idx_95468,2000,10000000,5e-05,20000000,2722400.0,1293440.0,963840.0,462720.0,0.5116279069767442,0.5
150,11,82,42,40,23.2,23,11,12,25.7,122832,61728,44976,19920,7,10000000,51,5,241227-101446_Run_19_Idx_95468,2000,10000000,5e-05,20000000,2456640.0,1234560.0,899520.0,398400.0,0.4878048780487805,0.5217391304347826
151,12,81,43,38,23.62,21,11,10,25.95,124288,64904,39432,20920,7,10000000,51,5,241227-101446_Run_19_Idx_95468,2000,10000000,5e-05,20000000,2485760.0,1298080.0,788640.0,418400.0,0.4691358024691358,0.47619047619047616
152,13,82,44,38,23.49,22,12,10,25.64,121448,66648,43080,22936,7,10000000,51,5,241227-101446_Run_19_Idx_95468,2000,10000000,5e-05,20000000,2428960.0,1332960.0,861600.0,458720.0,0.4634146341463415,0.45454545454545453
153,14,77,43,34,23.91,20,11,9,26.2,122128,66904,38848,22072,7,10000000,51,5,241227-101446_Run_19_Idx_95468,2000,10000000,5e-05,20000000,2442560.0,1338080.0,776960.0,441440.0,0.44155844155844154,0.45
154,15,83,42,41,23.39,20,11,9,25.5,127920,61336,37688,20912,7,10000000,51,5,241227-101446_Run_19_Idx_95468,2000,10000000,5e-05,20000000,2558400.0,1226720.0,753760.0,418240.0,0.4939759036144578,0.45
155,16,84,42,42,24.36,17,11,6,26.41,132640,64160,35816,23288,7,10000000,51,5,241227-101446_Run_19_Idx_95468,2000,10000000,5e-05,20000000,2652800.0,1283200.0,716320.0,465760.0,0.5,0.35294117647058826
156,17,84,40,44,24.26,18,12,6,26.33,129080,59608,37200,24288,7,10000000,51,5,241227-101446_Run_19_Idx_95468,2000,10000000,5e-05,20000000,2581600.0,1192160.0,744000.0,485760.0,0.5238095238095238,0.3333333333333333
157,18,92,41,51,24.61,21,12,9,26.48,145280,62024,43176,23808,7,10000000,51,5,241227-101446_Run_19_Idx_95468,2000,10000000,5e-05,20000000,2905600.0,1240480.0,863520.0,476160.0,0.5543478260869565,0.42857142857142855
158,19,90,40,50,24.11,21,12,9,25.76,138536,60296,41632,22648,7,10000000,51,5,241227-101446_Run_19_Idx_95468,2000,10000000,5e-05,20000000,2770720.0,1205920.0,832640.0,452960.0,0.5555555555555556,0.42857142857142855
159,20,90,39,51,23.71,25,11,14,25.8,137192,55664,49768,21432,7,10000000,51,5,241227-101446_Run_19_Idx_95468,2000,10000000,5e-05,20000000,2743840.0,1113280.0,995360.0,428640.0,0.5666666666666667,0.56
160,1,160,116,44,24.01,45,29,16,25.8,102336,69432,40936,24328,4,1000000,51,5,241227-101043_Run_6_Idx_38526,2000,1000000,5e-05,20000000,2046720.0,1388640.0,818720.0,486560.0,0.275,0.35555555555555557
161,2,158,120,38,24.43,44,29,15,26.41,110632,82128,41240,25440,4,1000000,51,5,241227-101043_Run_6_Idx_38526,2000,1000000,5e-05,20000000,2212640.0,1642560.0,824800.0,508800.0,0.24050632911392406,0.3409090909090909
162,3,159,121,38,23.92,44,29,15,25.64,113320,85800,40336,24760,4,1000000,51,5,241227-101043_Run_6_Idx_38526,2000,1000000,5e-05,20000000,2266400.0,1716000.0,806720.0,495200.0,0.2389937106918239,0.3409090909090909
163,4,158,118,40,25.03,49,27,22,27.0,117432,84488,45256,23408,4,1000000,51,5,241227-101043_Run_6_Idx_38526,2000,1000000,5e-05,20000000,2348640.0,1689760.0,905120.0,468160.0,0.25316455696202533,0.4489795918367347
164,5,159,121,38,24.62,49,29,20,26.51,113264,83248,42664,23824,4,1000000,51,5,241227-101043_Run_6_Idx_38526,2000,1000000,5e-05,20000000,2265280.0,1664960.0,853280.0,476480.0,0.2389937106918239,0.40816326530612246
165,6,160,120,40,24.3,50,28,22,26.12,111472,80592,44992,22960,4,1000000,51,5,241227-101043_Run_6_Idx_38526,2000,1000000,5e-05,20000000,2229440.0,1611840.0,899840.0,459200.0,0.25,0.44
166,7,159,120,39,24.89,51,28,23,26.76,119272,89432,48792,24928,4,1000000,51,5,241227-101043_Run_6_Idx_38526,2000,1000000,5e-05,20000000,2385440.0,1788640.0,975840.0,498560.0,0.24528301886792453,0.45098039215686275
167,8,160,117,43,24.36,48,30,18,26.33,107640,73928,43264,24800,4,1000000,51,5,241227-101043_Run_6_Idx_38526,2000,1000000,5e-05,20000000,2152800.0,1478560.0,865280.0,496000.0,0.26875,0.375
168,9,158,108,50,23.96,45,29,16,25.82,113904,76992,40592,23920,4,1000000,51,5,241227-101043_Run_6_Idx_38526,2000,1000000,5e-05,20000000,2278080.0,1539840.0,811840.0,478400.0,0.31645569620253167,0.35555555555555557
169,10,159,112,47,23.89,43,30,13,25.84,104856,68704,38608,24904,4,1000000,51,5,241227-101043_Run_6_Idx_38526,2000,1000000,5e-05,20000000,2097120.0,1374080.0,772160.0,498080.0,0.29559748427672955,0.3023255813953488
170,11,159,118,41,24.42,48,29,19,26.33,114640,83808,40848,22872,4,1000000,51,5,241227-101043_Run_6_Idx_38526,2000,1000000,5e-05,20000000,2292800.0,1676160.0,816960.0,457440.0,0.2578616352201258,0.3958333333333333
171,12,159,115,44,24.3,44,29,15,26.5,108256,74448,38648,23400,4,1000000,51,5,241227-101043_Run_6_Idx_38526,2000,1000000,5e-05,20000000,2165120.0,1488960.0,772960.0,468000.0,0.27672955974842767,0.3409090909090909
172,13,160,116,44,23.94,40,29,11,25.9,108320,75032,34552,23264,4,1000000,51,5,241227-101043_Run_6_Idx_38526,2000,1000000,5e-05,20000000,2166400.0,1500640.0,691040.0,465280.0,0.275,0.275
173,14,159,116,43,24.52,42,31,11,26.48,112088,79464,36776,25232,4,1000000,51,5,241227-101043_Run_6_Idx_38526,2000,1000000,5e-05,20000000,2241760.0,1589280.0,735520.0,504640.0,0.27044025157232704,0.2619047619047619
174,15,160,113,47,24.62,41,29,12,26.37,111040,75192,37040,24368,4,1000000,51,5,241227-101043_Run_6_Idx_38526,2000,1000000,5e-05,20000000,2220800.0,1503840.0,740800.0,487360.0,0.29375,0.2926829268292683
175,16,159,117,42,24.32,45,30,15,26.11,110544,77536,39656,25104,4,1000000,51,5,241227-101043_Run_6_Idx_38526,2000,1000000,5e-05,20000000,2210880.0,1550720.0,793120.0,502080.0,0.2641509433962264,0.3333333333333333
176,17,159,112,47,24.7,48,29,19,26.62,110456,74328,41048,23368,4,1000000,51,5,241227-101043_Run_6_Idx_38526,2000,1000000,5e-05,20000000,2209120.0,1486560.0,820960.0,467360.0,0.29559748427672955,0.3958333333333333
177,18,160,112,48,24.55,46,30,16,26.26,109592,71600,39000,23576,4,1000000,51,5,241227-101043_Run_6_Idx_38526,2000,1000000,5e-05,20000000,2191840.0,1432000.0,780000.0,471520.0,0.3,0.34782608695652173
178,19,160,116,44,24.78,44,27,17,26.64,111040,76888,33984,19984,4,1000000,51,5,241227-101043_Run_6_Idx_38526,2000,1000000,5e-05,20000000,2220800.0,1537760.0,679680.0,399680.0,0.275,0.38636363636363635
179,20,158,117,41,24.13,41,28,13,25.93,114352,80632,36648,23072,4,1000000,51,5,241227-101043_Run_6_Idx_38526,2000,1000000,5e-05,20000000,2287040.0,1612640.0,732960.0,461440.0,0.25949367088607594,0.3170731707317073
180,1,160,123,37,24.78,52,36,16,26.54,82864,77152,37504,29864,4,0,51,5,241227-101034_Run_2_Idx_35877,2000,0,5e-05,20000000,1657280.0,1543040.0,750080.0,597280.0,0.23125,0.3076923076923077
181,2,160,126,34,24.73,53,35,18,26.89,85072,79904,35816,27520,4,0,51,5,241227-101034_Run_2_Idx_35877,2000,0,5e-05,20000000,1701440.0,1598080.0,716320.0,550400.0,0.2125,0.33962264150943394
182,3,160,124,36,24.36,54,37,17,26.33,81648,76104,38368,30280,4,0,51,5,241227-101034_Run_2_Idx_35877,2000,0,5e-05,20000000,1632960.0,1522080.0,767360.0,605600.0,0.225,0.3148148148148148
183,4,160,126,34,24.6,57,37,20,26.47,91088,86128,38808,29760,4,0,51,5,241227-101034_Run_2_Idx_35877,2000,0,5e-05,20000000,1821760.0,1722560.0,776160.0,595200.0,0.2125,0.3508771929824561
184,5,160,125,35,24.57,53,35,18,26.55,86304,80680,35392,27096,4,0,51,5,241227-101034_Run_2_Idx_35877,2000,0,5e-05,20000000,1726080.0,1613600.0,707840.0,541920.0,0.21875,0.33962264150943394
185,6,160,122,38,23.81,52,35,17,25.69,79608,74232,35520,27672,4,0,51,5,241227-101034_Run_2_Idx_35877,2000,0,5e-05,20000000,1592160.0,1484640.0,710400.0,553440.0,0.2375,0.3269230769230769
186,7,160,128,32,24.24,56,35,21,26.25,87368,82520,37344,28136,4,0,51,5,241227-101034_Run_2_Idx_35877,2000,0,5e-05,20000000,1747360.0,1650400.0,746880.0,562720.0,0.2,0.375
187,8,160,124,36,24.04,50,35,15,26.16,81512,76328,35608,28256,4,0,51,5,241227-101034_Run_2_Idx_35877,2000,0,5e-05,20000000,1630240.0,1526560.0,712160.0,565120.0,0.225,0.3
188,9,160,123,37,24.44,54,34,20,26.26,81336,75704,36768,27848,4,0,51,5,241227-101034_Run_2_Idx_35877,2000,0,5e-05,20000000,1626720.0,1514080.0,735360.0,556960.0,0.23125,0.37037037037037035
189,10,160,126,34,24.74,53,34,19,26.55,93776,88480,37048,28544,4,0,51,5,241227-101034_Run_2_Idx_35877,2000,0,5e-05,20000000,1875520.0,1769600.0,740960.0,570880.0,0.2125,0.3584905660377358
190,11,160,124,36,24.34,51,35,16,26.1,83072,77720,36800,29112,4,0,51,5,241227-101034_Run_2_Idx_35877,2000,0,5e-05,20000000,1661440.0,1554400.0,736000.0,582240.0,0.225,0.3137254901960784
191,12,160,126,34,24.2,57,36,21,26.05,82112,77464,38888,29488,4,0,51,5,241227-101034_Run_2_Idx_35877,2000,0,5e-05,20000000,1642240.0,1549280.0,777760.0,589760.0,0.2125,0.3684210526315789
192,13,160,129,31,24.39,49,34,15,26.31,87128,82288,33816,27216,4,0,51,5,241227-101034_Run_2_Idx_35877,2000,0,5e-05,20000000,1742560.0,1645760.0,676320.0,544320.0,0.19375,0.30612244897959184
193,14,160,128,32,24.22,54,36,18,26.15,96032,91216,35576,29560,4,0,51,5,241227-101034_Run_2_Idx_35877,2000,0,5e-05,20000000,1920640.0,1824320.0,711520.0,591200.0,0.2,0.3333333333333333
194,15,160,126,34,24.76,46,35,11,26.78,81776,76448,32704,28928,4,0,51,5,241227-101034_Run_2_Idx_35877,2000,0,5e-05,20000000,1635520.0,1528960.0,654080.0,578560.0,0.2125,0.2391304347826087
195,16,160,123,37,24.34,50,36,14,26.4,81168,75536,36152,31304,4,0,51,5,241227-101034_Run_2_Idx_35877,2000,0,5e-05,20000000,1623360.0,1510720.0,723040.0,626080.0,0.23125,0.28
196,17,160,124,36,23.56,46,35,11,25.52,80472,75280,32352,28752,4,0,51,5,241227-101034_Run_2_Idx_35877,2000,0,5e-05,20000000,1609440.0,1505600.0,647040.0,575040.0,0.225,0.2391304347826087
197,18,160,125,35,24.02,50,34,16,25.88,84664,79416,33480,27992,4,0,51,5,241227-101034_Run_2_Idx_35877,2000,0,5e-05,20000000,1693280.0,1588320.0,669600.0,559840.0,0.21875,0.32
198,19,160,126,34,24.28,49,34,15,26.22,85480,80376,33256,28248,4,0,51,5,241227-101034_Run_2_Idx_35877,2000,0,5e-05,20000000,1709600.0,1607520.0,665120.0,564960.0,0.2125,0.30612244897959184
199,20,160,124,36,24.46,49,35,14,26.27,87952,82664,34424,29544,4,0,51,5,241227-101034_Run_2_Idx_35877,2000,0,5e-05,20000000,1759040.0,1653280.0,688480.0,590880.0,0.225,0.2857142857142857
200,1,160,140,20,24.25,92,65,27,26.09,24176,21224,30176,21648,2,2000000,51,5,241227-101431_Run_9_Idx_73474,2000,2000000,5e-05,20000000,483520.0,424480.0,603520.0,432960.0,0.125,0.29347826086956524
201,2,160,140,20,24.59,90,65,25,26.6,24848,21792,30256,22032,2,2000000,51,5,241227-101431_Run_9_Idx_73474,2000,2000000,5e-05,20000000,496960.0,435840.0,605120.0,440640.0,0.125,0.2777777777777778
202,3,160,141,19,24.7,86,62,24,26.81,25104,22128,29024,21168,2,2000000,51,5,241227-101431_Run_9_Idx_73474,2000,2000000,5e-05,20000000,502080.0,442560.0,580480.0,423360.0,0.11875,0.27906976744186046
203,4,160,140,20,24.32,90,66,24,26.27,24496,21320,29776,22128,2,2000000,51,5,241227-101431_Run_9_Idx_73474,2000,2000000,5e-05,20000000,489920.0,426400.0,595520.0,442560.0,0.125,0.26666666666666666
204,5,160,137,23,24.3,89,65,24,26.37,24296,20800,29952,22080,2,2000000,51,5,241227-101431_Run_9_Idx_73474,2000,2000000,5e-05,20000000,485920.0,416000.0,599040.0,441600.0,0.14375,0.2696629213483146
205,6,160,138,22,24.96,88,62,26,26.91,25336,21816,29664,21200,2,2000000,51,5,241227-101431_Run_9_Idx_73474,2000,2000000,5e-05,20000000,506720.0,436320.0,593280.0,424000.0,0.1375,0.29545454545454547
206,7,160,140,20,24.32,86,62,24,26.19,24424,21480,28784,20800,2,2000000,51,5,241227-101431_Run_9_Idx_73474,2000,2000000,5e-05,20000000,488480.0,429600.0,575680.0,416000.0,0.125,0.27906976744186046
207,8,160,143,17,24.19,87,63,24,26.08,24864,22368,28400,21008,2,2000000,51,5,241227-101431_Run_9_Idx_73474,2000,2000000,5e-05,20000000,497280.0,447360.0,568000.0,420160.0,0.10625,0.27586206896551724
208,9,160,144,16,24.35,86,64,22,26.07,26104,23776,28608,21376,2,2000000,51,5,241227-101431_Run_9_Idx_73474,2000,2000000,5e-05,20000000,522080.0,475520.0,572160.0,427520.0,0.1,0.2558139534883721
209,10,160,145,15,24.79,85,61,24,26.81,29584,27448,28976,21056,2,2000000,51,5,241227-101431_Run_9_Idx_73474,2000,2000000,5e-05,20000000,591680.0,548960.0,579520.0,421120.0,0.09375,0.2823529411764706
210,11,160,145,15,24.74,85,62,23,26.79,28504,26296,29184,21360,2,2000000,51,5,241227-101431_Run_9_Idx_73474,2000,2000000,5e-05,20000000,570080.0,525920.0,583680.0,427200.0,0.09375,0.27058823529411763
211,12,160,148,12,24.2,82,65,17,26.07,30824,29096,27984,22192,2,2000000,51,5,241227-101431_Run_9_Idx_73474,2000,2000000,5e-05,20000000,616480.0,581920.0,559680.0,443840.0,0.075,0.2073170731707317
212,13,160,145,15,23.96,83,66,17,25.87,27304,25080,27504,22016,2,2000000,51,5,241227-101431_Run_9_Idx_73474,2000,2000000,5e-05,20000000,546080.0,501600.0,550080.0,440320.0,0.09375,0.20481927710843373
213,14,160,145,15,24.39,87,65,22,26.36,25992,23624,29344,22080,2,2000000,51,5,241227-101431_Run_9_Idx_73474,2000,2000000,5e-05,20000000,519840.0,472480.0,586880.0,441600.0,0.09375,0.25287356321839083
214,15,160,142,18,24.18,87,63,24,26.1,26824,23904,29120,21184,2,2000000,51,5,241227-101431_Run_9_Idx_73474,2000,2000000,5e-05,20000000,536480.0,478080.0,582400.0,423680.0,0.1125,0.27586206896551724
215,16,160,141,19,24.01,85,65,20,25.8,25176,22192,28080,21520,2,2000000,51,5,241227-101431_Run_9_Idx_73474,2000,2000000,5e-05,20000000,503520.0,443840.0,561600.0,430400.0,0.11875,0.23529411764705882
216,17,160,140,20,23.82,86,65,21,25.67,24952,21824,28576,21664,2,2000000,51,5,241227-101431_Run_9_Idx_73474,2000,2000000,5e-05,20000000,499040.0,436480.0,571520.0,433280.0,0.125,0.2441860465116279
217,18,160,140,20,24.3,88,63,25,26.32,24680,21504,30064,21552,2,2000000,51,5,241227-101431_Run_9_Idx_73474,2000,2000000,5e-05,20000000,493600.0,430080.0,601280.0,431040.0,0.125,0.2840909090909091
218,19,160,140,20,24.45,89,63,26,26.42,24632,21496,30144,21600,2,2000000,51,5,241227-101431_Run_9_Idx_73474,2000,2000000,5e-05,20000000,492640.0,429920.0,602880.0,432000.0,0.125,0.29213483146067415
219,20,160,141,19,24.11,82,61,21,25.85,24400,21440,27328,20496,2,2000000,51,5,241227-101431_Run_9_Idx_73474,2000,2000000,5e-05,20000000,488000.0,428800.0,546560.0,409920.0,0.11875,0.25609756097560976
220,1,90,29,61,23.78,23,7,16,25.87,118880,39672,45624,12952,7,1000000,51,5,241227-100905_Run_7_Idx_9793,2000,1000000,5e-05,20000000,2377600.0,793440.0,912480.0,259040.0,0.6777777777777778,0.6956521739130435
221,2,89,29,60,24.1,18,6,12,26.11,119848,38928,36528,11088,7,1000000,51,5,241227-100905_Run_7_Idx_9793,2000,1000000,5e-05,20000000,2396960.0,778560.0,730560.0,221760.0,0.6741573033707865,0.6666666666666666
222,3,91,30,61,23.9,21,6,15,25.86,120160,39496,41512,11152,7,1000000,51,5,241227-100905_Run_7_Idx_9793,2000,1000000,5e-05,20000000,2403200.0,789920.0,830240.0,223040.0,0.6703296703296703,0.7142857142857143
223,4,91,29,62,24.21,19,7,12,26.05,123400,38296,36056,12472,7,1000000,51,5,241227-100905_Run_7_Idx_9793,2000,1000000,5e-05,20000000,2468000.0,765920.0,721120.0,249440.0,0.6813186813186813,0.631578947368421
224,5,96,31,65,24.02,19,6,13,25.95,128112,39128,35768,10544,7,1000000,51,5,241227-100905_Run_7_Idx_9793,2000,1000000,5e-05,20000000,2562240.0,782560.0,715360.0,210880.0,0.6770833333333334,0.6842105263157895
225,6,96,31,65,24.42,21,7,14,26.52,128640,40048,39208,12344,7,1000000,51,5,241227-100905_Run_7_Idx_9793,2000,1000000,5e-05,20000000,2572800.0,800960.0,784160.0,246880.0,0.6770833333333334,0.6666666666666666
226,7,84,29,55,23.95,18,6,12,26.33,118840,37824,33616,10384,7,1000000,51,5,241227-100905_Run_7_Idx_9793,2000,1000000,5e-05,20000000,2376800.0,756480.0,672320.0,207680.0,0.6547619047619048,0.6666666666666666
227,8,91,30,61,23.86,17,6,11,25.94,121608,38512,32200,9936,7,1000000,51,5,241227-100905_Run_7_Idx_9793,2000,1000000,5e-05,20000000,2432160.0,770240.0,644000.0,198720.0,0.6703296703296703,0.6470588235294118
228,9,86,30,56,23.6,20,6,14,25.75,118312,37312,37440,10544,7,1000000,51,5,241227-100905_Run_7_Idx_9793,2000,1000000,5e-05,20000000,2366240.0,746240.0,748800.0,210880.0,0.6511627906976745,0.7
229,10,97,31,66,24.61,16,5,11,26.5,136600,42312,33344,9672,7,1000000,51,5,241227-100905_Run_7_Idx_9793,2000,1000000,5e-05,20000000,2732000.0,846240.0,666880.0,193440.0,0.6804123711340206,0.6875
230,11,89,29,60,24.03,16,6,10,26.06,123680,39064,30688,10064,7,1000000,51,5,241227-100905_Run_7_Idx_9793,2000,1000000,5e-05,20000000,2473600.0,781280.0,613760.0,201280.0,0.6741573033707865,0.625
231,12,91,29,62,24.08,16,5,11,26.12,119040,38072,31168,9128,7,1000000,51,5,241227-100905_Run_7_Idx_9793,2000,1000000,5e-05,20000000,2380800.0,761440.0,623360.0,182560.0,0.6813186813186813,0.6875
232,13,90,29,61,24.13,18,6,12,26.22,118400,38208,32808,10120,7,1000000,51,5,241227-100905_Run_7_Idx_9793,2000,1000000,5e-05,20000000,2368000.0,764160.0,656160.0,202400.0,0.6777777777777778,0.6666666666666666
233,14,91,28,63,24.41,18,5,13,26.22,126360,38496,36048,10088,7,1000000,51,5,241227-100905_Run_7_Idx_9793,2000,1000000,5e-05,20000000,2527200.0,769920.0,720960.0,201760.0,0.6923076923076923,0.7222222222222222
234,15,87,27,60,24.03,19,5,14,26.05,112384,34528,39352,10376,7,1000000,51,5,241227-100905_Run_7_Idx_9793,2000,1000000,5e-05,20000000,2247680.0,690560.0,787040.0,207520.0,0.6896551724137931,0.7368421052631579
235,16,89,29,60,24.93,23,6,17,26.74,134128,42752,47064,12304,7,1000000,51,5,241227-100905_Run_7_Idx_9793,2000,1000000,5e-05,20000000,2682560.0,855040.0,941280.0,246080.0,0.6741573033707865,0.7391304347826086
236,17,87,29,58,23.99,17,5,12,26.29,123896,39080,34952,10216,7,1000000,51,5,241227-100905_Run_7_Idx_9793,2000,1000000,5e-05,20000000,2477920.0,781600.0,699040.0,204320.0,0.6666666666666666,0.7058823529411765
237,18,90,30,60,23.84,19,6,13,25.84,127264,41016,36816,10792,7,1000000,51,5,241227-100905_Run_7_Idx_9793,2000,1000000,5e-05,20000000,2545280.0,820320.0,736320.0,215840.0,0.6666666666666666,0.6842105263157895
238,19,84,30,54,24.4,22,6,16,26.55,127280,42240,44080,11824,7,1000000,51,5,241227-100905_Run_7_Idx_9793,2000,1000000,5e-05,20000000,2545600.0,844800.0,881600.0,236480.0,0.6428571428571429,0.7272727272727273
239,20,92,30,62,23.46,18,5,13,25.22,131568,40016,36432,10120,7,1000000,51,5,241227-100905_Run_7_Idx_9793,2000,1000000,5e-05,20000000,2631360.0,800320.0,728640.0,202400.0,0.6739130434782609,0.7222222222222222
240,1,42,17,25,23.48,11,3,8,26.45,98384,36976,50688,13824,14,2000000,51,5,241227-101138_Run_12_Idx_6712,2000,2000000,5e-05,20000000,1967680.0,739520.0,1013760.0,276480.0,0.5952380952380952,0.7272727272727273
241,2,48,19,29,23.77,11,3,8,26.09,118480,43888,46584,12456,14,2000000,51,5,241227-101138_Run_12_Idx_6712,2000,2000000,5e-05,20000000,2369600.0,877760.0,931680.0,249120.0,0.6041666666666666,0.7272727272727273
242,3,47,18,29,24.02,13,4,9,26.54,115880,42048,57512,16808,14,2000000,51,5,241227-101138_Run_12_Idx_6712,2000,2000000,5e-05,20000000,2317600.0,840960.0,1150240.0,336160.0,0.6170212765957447,0.6923076923076923
243,4,49,18,31,24.02,10,3,7,26.4,123656,43936,43344,12456,14,2000000,51,5,241227-101138_Run_12_Idx_6712,2000,2000000,5e-05,20000000,2473120.0,878720.0,866880.0,249120.0,0.6326530612244898,0.7
244,5,49,17,32,24.16,12,3,9,25.83,140664,44440,54272,13568,14,2000000,51,5,241227-101138_Run_12_Idx_6712,2000,2000000,5e-05,20000000,2813280.0,888800.0,1085440.0,271360.0,0.6530612244897959,0.75
245,6,51,17,34,23.9,13,4,9,25.77,156976,51168,52040,15440,14,2000000,51,5,241227-101138_Run_12_Idx_6712,2000,2000000,5e-05,20000000,3139520.0,1023360.0,1040800.0,308800.0,0.6666666666666666,0.6923076923076923
246,7,46,17,29,23.91,12,3,9,25.83,135648,49648,49824,12456,14,2000000,51,5,241227-101138_Run_12_Idx_6712,2000,2000000,5e-05,20000000,2712960.0,992960.0,996480.0,249120.0,0.6304347826086957,0.75
247,8,52,18,34,24.46,8,2,6,26.5,168272,58264,31392,7848,14,2000000,51,5,241227-101138_Run_12_Idx_6712,2000,2000000,5e-05,20000000,3365440.0,1165280.0,627840.0,156960.0,0.6538461538461539,0.75
248,9,48,17,31,24.12,6,2,4,25.67,150432,53504,24400,7848,14,2000000,51,5,241227-101138_Run_12_Idx_6712,2000,2000000,5e-05,20000000,3008640.0,1070080.0,488000.0,156960.0,0.6458333333333334,0.6666666666666666
249,10,50,16,34,24.4,11,3,8,26.09,162008,51136,45472,12456,14,2000000,51,5,241227-101138_Run_12_Idx_6712,2000,2000000,5e-05,20000000,3240160.0,1022720.0,909440.0,249120.0,0.68,0.7272727272727273
250,11,49,18,31,24.33,7,2,5,26.71,149096,54184,32256,9216,14,2000000,51,5,241227-101138_Run_12_Idx_6712,2000,2000000,5e-05,20000000,2981920.0,1083680.0,645120.0,184320.0,0.6326530612244898,0.7142857142857143
251,12,49,16,33,24.76,7,2,5,26.71,144368,48800,32256,9216,14,2000000,51,5,241227-101138_Run_12_Idx_6712,2000,2000000,5e-05,20000000,2887360.0,976000.0,645120.0,184320.0,0.673469387755102,0.7142857142857143
252,13,46,16,30,24.04,7,2,5,26.14,121784,42184,27040,7848,14,2000000,51,5,241227-101138_Run_12_Idx_6712,2000,2000000,5e-05,20000000,2435680.0,843680.0,540800.0,156960.0,0.6521739130434783,0.7142857142857143
253,14,51,18,33,24.53,7,2,5,26.43,141832,49920,32256,9216,14,2000000,51,5,241227-101138_Run_12_Idx_6712,2000,2000000,5e-05,20000000,2836640.0,998400.0,645120.0,184320.0,0.6470588235294118,0.7142857142857143
254,15,49,17,32,24.55,7,2,5,26.71,136792,46976,32256,9216,14,2000000,51,5,241227-101138_Run_12_Idx_6712,2000,2000000,5e-05,20000000,2735840.0,939520.0,645120.0,184320.0,0.6530612244897959,0.7142857142857143
255,16,53,18,35,24.34,8,2,6,26.5,149496,50536,32416,8104,14,2000000,51,5,241227-101138_Run_12_Idx_6712,2000,2000000,5e-05,20000000,2989920.0,1010720.0,648320.0,162080.0,0.660377358490566,0.75
256,17,43,15,28,23.98,11,3,8,26.45,118496,40312,46240,12712,14,2000000,51,5,241227-101138_Run_12_Idx_6712,2000,2000000,5e-05,20000000,2369920.0,806240.0,924800.0,254240.0,0.6511627906976745,0.7272727272727273
257,18,49,17,32,24.27,11,3,8,26.27,129912,44144,50688,13824,14,2000000,51,5,241227-101138_Run_12_Idx_6712,2000,2000000,5e-05,20000000,2598240.0,882880.0,1013760.0,276480.0,0.6530612244897959,0.7272727272727273
258,19,45,18,27,24.33,8,2,6,26.25,116400,44928,31392,7848,14,2000000,51,5,241227-101138_Run_12_Idx_6712,2000,2000000,5e-05,20000000,2328000.0,898560.0,627840.0,156960.0,0.6,0.75
259,20,44,17,27,24.0,8,2,6,26.0,118400,43128,35840,8960,14,2000000,51,5,241227-101138_Run_12_Idx_6712,2000,2000000,5e-05,20000000,2368000.0,862560.0,716800.0,179200.0,0.6136363636363636,0.75
260,1,148,70,78,24.12,40,21,19,26.18,115688,62600,37128,17104,4,5000000,51,5,241227-101435_Run_14_Idx_2872,2000,5000000,5e-05,20000000,2313760.0,1252000.0,742560.0,342080.0,0.527027027027027,0.475
261,2,154,69,85,23.94,47,23,24,25.85,104688,42104,42408,18024,4,5000000,51,5,241227-101435_Run_14_Idx_2872,2000,5000000,5e-05,20000000,2093760.0,842080.0,848160.0,360480.0,0.551948051948052,0.5106382978723404
262,3,151,72,79,24.28,45,24,21,26.02,106240,47584,39896,19584,4,5000000,51,5,241227-101435_Run_14_Idx_2872,2000,5000000,5e-05,20000000,2124800.0,951680.0,797920.0,391680.0,0.5231788079470199,0.4666666666666667
263,4,152,75,77,24.3,43,24,19,26.21,117712,54272,39256,19584,4,5000000,51,5,241227-101435_Run_14_Idx_2872,2000,5000000,5e-05,20000000,2354240.0,1085440.0,785120.0,391680.0,0.506578947368421,0.4418604651162791
264,5,150,73,77,24.16,46,23,23,26.48,104384,46672,41000,19000,4,5000000,51,5,241227-101435_Run_14_Idx_2872,2000,5000000,5e-05,20000000,2087680.0,933440.0,820000.0,380000.0,0.5133333333333333,0.5
265,6,154,71,83,24.19,41,23,18,25.93,124448,46400,34952,18448,4,5000000,51,5,241227-101435_Run_14_Idx_2872,2000,5000000,5e-05,20000000,2488960.0,928000.0,699040.0,368960.0,0.538961038961039,0.43902439024390244
266,7,155,69,86,24.26,43,23,20,26.44,104776,40088,39072,18560,4,5000000,51,5,241227-101435_Run_14_Idx_2872,2000,5000000,5e-05,20000000,2095520.0,801760.0,781440.0,371200.0,0.5548387096774193,0.46511627906976744
267,8,156,72,84,24.25,42,24,18,26.05,119584,45032,37056,19144,4,5000000,51,5,241227-101435_Run_14_Idx_2872,2000,5000000,5e-05,20000000,2391680.0,900640.0,741120.0,382880.0,0.5384615384615384,0.42857142857142855
268,9,156,70,86,24.6,43,24,19,26.53,116752,42872,39152,19896,4,5000000,51,5,241227-101435_Run_14_Idx_2872,2000,5000000,5e-05,20000000,2335040.0,857440.0,783040.0,397920.0,0.5512820512820513,0.4418604651162791
269,10,154,67,87,23.79,47,24,23,25.6,119240,52408,43096,19696,4,5000000,51,5,241227-101435_Run_14_Idx_2872,2000,5000000,5e-05,20000000,2384800.0,1048160.0,861920.0,393920.0,0.564935064935065,0.48936170212765956
270,11,153,74,79,24.44,47,25,22,26.49,105304,46440,43416,21152,4,5000000,51,5,241227-101435_Run_14_Idx_2872,2000,5000000,5e-05,20000000,2106080.0,928800.0,868320.0,423040.0,0.5163398692810458,0.46808510638297873
271,12,151,72,79,24.81,40,23,17,26.75,115096,49520,36664,18768,4,5000000,51,5,241227-101435_Run_14_Idx_2872,2000,5000000,5e-05,20000000,2301920.0,990400.0,733280.0,375360.0,0.5231788079470199,0.425
272,13,153,69,84,24.24,36,23,13,26.0,106824,42632,31760,18856,4,5000000,51,5,241227-101435_Run_14_Idx_2872,2000,5000000,5e-05,20000000,2136480.0,852640.0,635200.0,377120.0,0.5490196078431373,0.3611111111111111
273,14,152,69,83,24.43,45,22,23,26.33,112912,47064,39432,17624,4,5000000,51,5,241227-101435_Run_14_Idx_2872,2000,5000000,5e-05,20000000,2258240.0,941280.0,788640.0,352480.0,0.5460526315789473,0.5111111111111111
274,15,155,73,82,24.39,45,24,21,26.38,125296,51384,41536,19544,4,5000000,51,5,241227-101435_Run_14_Idx_2872,2000,5000000,5e-05,20000000,2505920.0,1027680.0,830720.0,390880.0,0.5290322580645161,0.4666666666666667
275,16,151,68,83,24.09,41,22,19,26.22,142024,52440,35048,17208,4,5000000,51,5,241227-101435_Run_14_Idx_2872,2000,5000000,5e-05,20000000,2840480.0,1048800.0,700960.0,344160.0,0.5496688741721855,0.4634146341463415
276,17,149,73,76,24.71,46,22,24,26.74,109984,52200,39848,17496,4,5000000,51,5,241227-101435_Run_14_Idx_2872,2000,5000000,5e-05,20000000,2199680.0,1044000.0,796960.0,349920.0,0.5100671140939598,0.5217391304347826
277,18,154,66,88,24.09,43,24,19,25.98,102416,40040,37400,18720,4,5000000,51,5,241227-101435_Run_14_Idx_2872,2000,5000000,5e-05,20000000,2048320.0,800800.0,748000.0,374400.0,0.5714285714285714,0.4418604651162791
278,19,154,69,85,23.84,50,24,26,25.92,97088,37768,41792,18320,4,5000000,51,5,241227-101435_Run_14_Idx_2872,2000,5000000,5e-05,20000000,1941760.0,755360.0,835840.0,366400.0,0.551948051948052,0.52
279,20,154,73,81,23.78,41,23,18,25.73,115576,44808,35464,17488,4,5000000,51,5,241227-101435_Run_14_Idx_2872,2000,5000000,5e-05,20000000,2311520.0,896160.0,709280.0,349760.0,0.525974025974026,0.43902439024390244
280,1,158,103,55,24.16,46,26,20,26.0,111536,68896,42544,21584,4,10000000,51,5,241227-101523_Run_18_Idx_80279,2000,10000000,5e-05,20000000,2230720.0,1377920.0,850880.0,431680.0,0.34810126582278483,0.43478260869565216
281,2,159,103,56,24.56,45,26,19,26.56,119328,74640,41320,21552,4,10000000,51,5,241227-101523_Run_18_Idx_80279,2000,10000000,5e-05,20000000,2386560.0,1492800.0,826400.0,431040.0,0.3522012578616352,0.4222222222222222
282,3,160,93,67,24.24,47,27,20,26.11,106960,57992,42608,21776,4,10000000,51,5,241227-101523_Run_18_Idx_80279,2000,10000000,5e-05,20000000,2139200.0,1159840.0,852160.0,435520.0,0.41875,0.425531914893617
283,4,157,99,58,24.2,46,23,23,25.98,129304,83048,41944,18688,4,10000000,51,5,241227-101523_Run_18_Idx_80279,2000,10000000,5e-05,20000000,2586080.0,1660960.0,838880.0,373760.0,0.36942675159235666,0.5
284,5,159,99,60,24.45,47,24,23,26.57,114576,67296,42408,19720,4,10000000,51,5,241227-101523_Run_18_Idx_80279,2000,10000000,5e-05,20000000,2291520.0,1345920.0,848160.0,394400.0,0.37735849056603776,0.48936170212765956
285,6,159,100,59,24.13,50,25,25,25.96,111896,65952,47088,21824,4,10000000,51,5,241227-101523_Run_18_Idx_80279,2000,10000000,5e-05,20000000,2237920.0,1319040.0,941760.0,436480.0,0.3710691823899371,0.5
286,7,158,97,61,24.27,45,23,22,26.47,109456,67992,44272,20960,4,10000000,51,5,241227-101523_Run_18_Idx_80279,2000,10000000,5e-05,20000000,2189120.0,1359840.0,885440.0,419200.0,0.3860759493670886,0.4888888888888889
287,8,157,108,49,24.35,47,24,23,26.15,120288,83544,44640,21472,4,10000000,51,5,241227-101523_Run_18_Idx_80279,2000,10000000,5e-05,20000000,2405760.0,1670880.0,892800.0,429440.0,0.31210191082802546,0.48936170212765956
288,9,158,101,57,24.25,45,25,20,26.11,111240,67640,43200,22240,4,10000000,51,5,241227-101523_Run_18_Idx_80279,2000,10000000,5e-05,20000000,2224800.0,1352800.0,864000.0,444800.0,0.36075949367088606,0.4444444444444444
289,10,160,105,55,24.22,48,24,24,26.08,104056,64176,43568,20760,4,10000000,51,5,241227-101523_Run_18_Idx_80279,2000,10000000,5e-05,20000000,2081120.0,1283520.0,871360.0,415200.0,0.34375,0.5
290,11,157,105,52,24.06,50,24,26,25.92,104680,68808,44656,19696,4,10000000,51,5,241227-101523_Run_18_Idx_80279,2000,10000000,5e-05,20000000,2093600.0,1376160.0,893120.0,393920.0,0.33121019108280253,0.52
291,12,156,105,51,23.97,46,25,21,25.91,110568,72512,38600,19112,4,10000000,51,5,241227-101523_Run_18_Idx_80279,2000,10000000,5e-05,20000000,2211360.0,1450240.0,772000.0,382240.0,0.3269230769230769,0.45652173913043476
292,13,159,102,57,23.85,43,26,17,25.93,102208,62704,36120,20192,4,10000000,51,5,241227-101523_Run_18_Idx_80279,2000,10000000,5e-05,20000000,2044160.0,1254080.0,722400.0,403840.0,0.3584905660377358,0.3953488372093023
293,14,158,105,53,24.64,42,27,15,26.52,114072,71384,33936,20456,4,10000000,51,5,241227-101523_Run_18_Idx_80279,2000,10000000,5e-05,20000000,2281440.0,1427680.0,678720.0,409120.0,0.33544303797468356,0.35714285714285715
294,15,157,95,62,24.91,37,26,11,27.0,109864,67048,32088,21176,4,10000000,51,5,241227-101523_Run_18_Idx_80279,2000,10000000,5e-05,20000000,2197280.0,1340960.0,641760.0,423520.0,0.39490445859872614,0.2972972972972973
295,16,158,106,52,24.73,39,26,13,26.74,109968,71120,34648,21616,4,10000000,51,5,241227-101523_Run_18_Idx_80279,2000,10000000,5e-05,20000000,2199360.0,1422400.0,692960.0,432320.0,0.3291139240506329,0.3333333333333333
296,17,159,101,58,24.91,39,27,12,26.74,112888,66184,31704,21288,4,10000000,51,5,241227-101523_Run_18_Idx_80279,2000,10000000,5e-05,20000000,2257760.0,1323680.0,634080.0,425760.0,0.36477987421383645,0.3076923076923077
297,18,159,96,63,24.06,39,27,12,26.08,107592,61208,32656,21064,4,10000000,51,5,241227-101523_Run_18_Idx_80279,2000,10000000,5e-05,20000000,2151840.0,1224160.0,653120.0,421280.0,0.39622641509433965,0.3076923076923077
298,19,159,99,60,24.14,43,27,16,26.16,102888,61296,37888,21856,4,10000000,51,5,241227-101523_Run_18_Idx_80279,2000,10000000,5e-05,20000000,2057760.0,1225920.0,757760.0,437120.0,0.37735849056603776,0.37209302325581395
299,20,159,105,54,24.62,42,26,16,26.52,109272,66808,38608,21584,4,10000000,51,5,241227-101523_Run_18_Idx_80279,2000,10000000,5e-05,20000000,2185440.0,1336160.0,772160.0,431680.0,0.33962264150943394,0.38095238095238093
300,1,160,100,60,23.7,84,59,25,25.5,22968,15272,27392,19472,2,5000000,51,5,241227-101439_Run_13_Idx_52939,2000,5000000,5e-05,20000000,459360.0,305440.0,547840.0,389440.0,0.375,0.2976190476190476
301,2,160,105,55,24.45,82,54,28,26.29,25080,17208,27456,18176,2,5000000,51,5,241227-101439_Run_13_Idx_52939,2000,5000000,5e-05,20000000,501600.0,344160.0,549120.0,363520.0,0.34375,0.34146341463414637
302,3,160,96,64,24.54,82,58,24,26.32,23360,14376,27360,19520,2,5000000,51,5,241227-101439_Run_13_Idx_52939,2000,5000000,5e-05,20000000,467200.0,287520.0,547200.0,390400.0,0.4,0.2926829268292683
303,4,160,104,56,24.49,84,56,28,26.45,24688,16920,28384,18912,2,5000000,51,5,241227-101439_Run_13_Idx_52939,2000,5000000,5e-05,20000000,493760.0,338400.0,567680.0,378240.0,0.35,0.3333333333333333
304,5,160,106,54,24.78,87,55,32,26.66,25192,17384,28800,18704,2,5000000,51,5,241227-101439_Run_13_Idx_52939,2000,5000000,5e-05,20000000,503840.0,347680.0,576000.0,374080.0,0.3375,0.367816091954023
305,6,160,104,56,24.48,81,56,25,26.21,24320,16576,27584,19120,2,5000000,51,5,241227-101439_Run_13_Idx_52939,2000,5000000,5e-05,20000000,486400.0,331520.0,551680.0,382400.0,0.35,0.30864197530864196
306,7,160,110,50,24.69,81,55,26,26.53,28080,20664,28128,19040,2,5000000,51,5,241227-101439_Run_13_Idx_52939,2000,5000000,5e-05,20000000,561600.0,413280.0,562560.0,380800.0,0.3125,0.32098765432098764
307,8,160,108,52,23.75,85,56,29,25.64,27168,20240,28304,18608,2,5000000,51,5,241227-101439_Run_13_Idx_52939,2000,5000000,5e-05,20000000,543360.0,404800.0,566080.0,372160.0,0.325,0.3411764705882353
308,9,160,97,63,23.88,85,53,32,25.66,23296,13896,27632,17360,2,5000000,51,5,241227-101439_Run_13_Idx_52939,2000,5000000,5e-05,20000000,465920.0,277920.0,552640.0,347200.0,0.39375,0.3764705882352941
309,10,160,105,55,23.9,86,55,31,25.93,28424,20120,28112,18192,2,5000000,51,5,241227-101439_Run_13_Idx_52939,2000,5000000,5e-05,20000000,568480.0,402400.0,562240.0,363840.0,0.34375,0.36046511627906974
310,11,160,105,55,23.82,86,55,31,25.67,24192,16344,28096,18144,2,5000000,51,5,241227-101439_Run_13_Idx_52939,2000,5000000,5e-05,20000000,483840.0,326880.0,561920.0,362880.0,0.34375,0.36046511627906974
311,12,160,101,59,23.48,84,55,29,25.35,23640,15464,27344,18176,2,5000000,51,5,241227-101439_Run_13_Idx_52939,2000,5000000,5e-05,20000000,472800.0,309280.0,546880.0,363520.0,0.36875,0.34523809523809523
312,13,160,101,59,24.38,83,56,27,26.37,24880,16248,28240,19104,2,5000000,51,5,241227-101439_Run_13_Idx_52939,2000,5000000,5e-05,20000000,497600.0,324960.0,564800.0,382080.0,0.36875,0.3253012048192771
313,14,160,103,57,24.61,85,56,29,26.55,23984,15864,28704,19040,2,5000000,51,5,241227-101439_Run_13_Idx_52939,2000,5000000,5e-05,20000000,479680.0,317280.0,574080.0,380800.0,0.35625,0.3411764705882353
314,15,160,104,56,24.12,82,54,28,25.93,23736,15944,27232,18016,2,5000000,51,5,241227-101439_Run_13_Idx_52939,2000,5000000,5e-05,20000000,474720.0,318880.0,544640.0,360320.0,0.35,0.34146341463414637
315,16,160,103,57,24.5,86,55,31,26.4,24360,15904,28096,18448,2,5000000,51,5,241227-101439_Run_13_Idx_52939,2000,5000000,5e-05,20000000,487200.0,318080.0,561920.0,368960.0,0.35625,0.36046511627906974
316,17,160,112,48,24.42,82,56,26,26.46,28248,21160,27728,18992,2,5000000,51,5,241227-101439_Run_13_Idx_52939,2000,5000000,5e-05,20000000,564960.0,423200.0,554560.0,379840.0,0.3,0.3170731707317073
317,18,160,104,56,24.35,83,53,30,26.11,24808,16536,27680,17776,2,5000000,51,5,241227-101439_Run_13_Idx_52939,2000,5000000,5e-05,20000000,496160.0,330720.0,553600.0,355520.0,0.35,0.3614457831325301
318,19,160,98,62,24.25,87,54,33,26.1,24088,14432,28688,18128,2,5000000,51,5,241227-101439_Run_13_Idx_52939,2000,5000000,5e-05,20000000,481760.0,288640.0,573760.0,362560.0,0.3875,0.3793103448275862
319,20,160,100,60,24.7,81,55,26,26.56,23672,14896,28048,19040,2,5000000,51,5,241227-101439_Run_13_Idx_52939,2000,5000000,5e-05,20000000,473440.0,297920.0,560960.0,380800.0,0.375,0.32098765432098764
320,1,22,11,11,2.41,12,4,8,0.58,11920,6760,3744,1080,14,10000000,51,5,241227-101221_Run_20_Idx_47155,2000,10000000,5e-05,20000000,238400.0,135200.0,74880.0,21600.0,0.5,0.6666666666666666
321,2,17,10,7,4.0,12,4,8,0.33,16168,9584,2016,672,14,10000000,51,5,241227-101221_Run_20_Idx_47155,2000,10000000,5e-05,20000000,323360.0,191680.0,40320.0,13440.0,0.4117647058823529,0.6666666666666666
322,3,19,9,10,3.21,8,2,6,0.75,15760,8144,1536,384,14,10000000,51,5,241227-101221_Run_20_Idx_47155,2000,10000000,5e-05,20000000,315200.0,162880.0,30720.0,7680.0,0.5263157894736842,0.75
323,4,21,9,12,2.14,11,3,8,0.09,10440,4968,1584,432,14,10000000,51,5,241227-101221_Run_20_Idx_47155,2000,10000000,5e-05,20000000,208800.0,99360.0,31680.0,8640.0,0.5714285714285714,0.7272727272727273
324,5,19,8,11,3.37,11,3,8,0.36,12144,6760,2352,624,14,10000000,51,5,241227-101221_Run_20_Idx_47155,2000,10000000,5e-05,20000000,242880.0,135200.0,47040.0,12480.0,0.5789473684210527,0.7272727272727273
325,6,17,9,8,3.76,11,3,8,0.64,13632,6720,2000,560,14,10000000,51,5,241227-101221_Run_20_Idx_47155,2000,10000000,5e-05,20000000,272640.0,134400.0,40000.0,11200.0,0.47058823529411764,0.7272727272727273
326,7,22,8,14,2.09,11,3,8,0.36,13512,4776,1424,392,14,10000000,51,5,241227-101221_Run_20_Idx_47155,2000,10000000,5e-05,20000000,270240.0,95520.0,28480.0,7840.0,0.6363636363636364,0.7272727272727273
327,8,22,10,12,2.18,11,3,8,0.45,12240,5968,1808,488,14,10000000,51,5,241227-101221_Run_20_Idx_47155,2000,10000000,5e-05,20000000,244800.0,119360.0,36160.0,9760.0,0.5454545454545454,0.7272727272727273
328,9,17,8,9,2.82,8,2,6,0.5,12416,5848,992,248,14,10000000,51,5,241227-101221_Run_20_Idx_47155,2000,10000000,5e-05,20000000,248320.0,116960.0,19840.0,4960.0,0.5294117647058824,0.75
329,10,24,9,15,2.25,11,3,8,0.09,16456,6736,1584,432,14,10000000,51,5,241227-101221_Run_20_Idx_47155,2000,10000000,5e-05,20000000,329120.0,134720.0,31680.0,8640.0,0.625,0.7272727272727273
330,11,22,9,13,2.36,9,3,6,0.78,15024,5864,1488,528,14,10000000,51,5,241227-101221_Run_20_Idx_47155,2000,10000000,5e-05,20000000,300480.0,117280.0,29760.0,10560.0,0.5909090909090909,0.6666666666666666
331,12,19,9,10,2.74,9,3,6,0.44,11184,7104,1712,560,14,10000000,51,5,241227-101221_Run_20_Idx_47155,2000,10000000,5e-05,20000000,223680.0,142080.0,34240.0,11200.0,0.5263157894736842,0.6666666666666666
332,13,19,9,10,1.84,8,2,6,0.38,11184,4968,1120,280,14,10000000,51,5,241227-101221_Run_20_Idx_47155,2000,10000000,5e-05,20000000,223680.0,99360.0,22400.0,5600.0,0.5263157894736842,0.75
333,14,15,7,8,2.93,9,3,6,0.44,12072,6168,2848,800,14,10000000,51,5,241227-101221_Run_20_Idx_47155,2000,10000000,5e-05,20000000,241440.0,123360.0,56960.0,16000.0,0.5333333333333333,0.6666666666666666
334,15,23,9,14,1.78,7,2,5,0.29,11768,6000,1008,288,14,10000000,51,5,241227-101221_Run_20_Idx_47155,2000,10000000,5e-05,20000000,235360.0,120000.0,20160.0,5760.0,0.6086956521739131,0.7142857142857143
335,16,21,8,13,1.76,8,3,5,0.75,12360,4960,1536,528,14,10000000,51,5,241227-101221_Run_20_Idx_47155,2000,10000000,5e-05,20000000,247200.0,99200.0,30720.0,10560.0,0.6190476190476191,0.625
336,17,26,10,16,1.58,9,3,6,0.67,14864,5616,1296,432,14,10000000,51,5,241227-101221_Run_20_Idx_47155,2000,10000000,5e-05,20000000,297280.0,112320.0,25920.0,8640.0,0.6153846153846154,0.6666666666666666
337,18,24,9,15,1.04,8,3,5,0.62,10040,3488,1496,488,14,10000000,51,5,241227-101221_Run_20_Idx_47155,2000,10000000,5e-05,20000000,200800.0,69760.0,29920.0,9760.0,0.625,0.625
338,19,18,10,8,2.11,8,3,5,0.12,11400,5056,1152,432,14,10000000,51,5,241227-101221_Run_20_Idx_47155,2000,10000000,5e-05,20000000,228000.0,101120.0,23040.0,8640.0,0.4444444444444444,0.625
339,20,25,10,15,2.32,8,3,5,0.12,18496,5968,1152,432,14,10000000,51,5,241227-101221_Run_20_Idx_47155,2000,10000000,5e-05,20000000,369920.0,119360.0,23040.0,8640.0,0.6,0.625
340,1,95,41,54,23.82,22,13,9,25.73,146072,60928,44880,25512,7,0,51,5,241227-100907_Run_3_Idx_39459,2000,0,5e-05,20000000,2921440.0,1218560.0,897600.0,510240.0,0.5684210526315789,0.4090909090909091
341,2,94,40,54,24.57,22,13,9,26.45,152920,63320,44976,25608,7,0,51,5,241227-100907_Run_3_Idx_39459,2000,0,5e-05,20000000,3058400.0,1266400.0,899520.0,512160.0,0.574468085106383,0.4090909090909091
342,3,93,41,52,24.1,22,10,12,26.0,147488,62128,44304,19632,7,0,51,5,241227-100907_Run_3_Idx_39459,2000,0,5e-05,20000000,2949760.0,1242560.0,886080.0,392640.0,0.5591397849462365,0.5454545454545454
343,4,89,40,49,24.48,23,11,12,26.65,139400,59792,45336,20280,7,0,51,5,241227-100907_Run_3_Idx_39459,2000,0,5e-05,20000000,2788000.0,1195840.0,906720.0,405600.0,0.550561797752809,0.5217391304347826
344,5,94,41,53,24.49,23,11,12,26.13,147584,63200,46008,20952,7,0,51,5,241227-100907_Run_3_Idx_39459,2000,0,5e-05,20000000,2951680.0,1264000.0,920160.0,419040.0,0.5638297872340425,0.5217391304347826
345,6,94,41,53,23.66,22,10,12,25.55,149072,60808,42000,18576,7,0,51,5,241227-100907_Run_3_Idx_39459,2000,0,5e-05,20000000,2981440.0,1216160.0,840000.0,371520.0,0.5638297872340425,0.5454545454545454
346,7,90,39,51,24.22,25,12,13,26.36,134792,57264,46536,21152,7,0,51,5,241227-100907_Run_3_Idx_39459,2000,0,5e-05,20000000,2695840.0,1145280.0,930720.0,423040.0,0.5666666666666667,0.52
347,8,89,41,48,23.89,28,12,16,26.04,139008,61312,55392,22560,7,0,51,5,241227-100907_Run_3_Idx_39459,2000,0,5e-05,20000000,2780160.0,1226240.0,1107840.0,451200.0,0.5393258426966292,0.5714285714285714
348,9,84,40,44,24.48,24,11,13,26.58,137336,62672,48256,21208,7,0,51,5,241227-100907_Run_3_Idx_39459,2000,0,5e-05,20000000,2746720.0,1253440.0,965120.0,424160.0,0.5238095238095238,0.5416666666666666
349,10,89,40,49,24.12,21,9,12,26.14,135224,58536,40360,16744,7,0,51,5,241227-100907_Run_3_Idx_39459,2000,0,5e-05,20000000,2704480.0,1170720.0,807200.0,334880.0,0.550561797752809,0.5714285714285714
350,11,91,43,48,23.87,24,12,12,25.83,131672,62456,45696,22272,7,0,51,5,241227-100907_Run_3_Idx_39459,2000,0,5e-05,20000000,2633440.0,1249120.0,913920.0,445440.0,0.5274725274725275,0.5
351,12,89,42,47,24.6,22,11,11,26.55,139800,64256,39088,20152,7,0,51,5,241227-100907_Run_3_Idx_39459,2000,0,5e-05,20000000,2796000.0,1285120.0,781760.0,403040.0,0.5280898876404494,0.5
352,13,93,41,52,24.03,18,12,6,26.11,131912,58624,36880,23968,7,0,51,5,241227-100907_Run_3_Idx_39459,2000,0,5e-05,20000000,2638240.0,1172480.0,737600.0,479360.0,0.5591397849462365,0.3333333333333333
353,14,87,43,44,24.01,20,11,9,26.2,126432,63816,42016,23032,7,0,51,5,241227-100907_Run_3_Idx_39459,2000,0,5e-05,20000000,2528640.0,1276320.0,840320.0,460640.0,0.5057471264367817,0.45
354,15,91,42,49,23.73,21,12,9,25.86,135960,62664,41352,24384,7,0,51,5,241227-100907_Run_3_Idx_39459,2000,0,5e-05,20000000,2719200.0,1253280.0,827040.0,487680.0,0.5384615384615384,0.42857142857142855
355,16,86,41,45,24.74,18,12,6,26.67,137920,64048,37968,25440,7,0,51,5,241227-100907_Run_3_Idx_39459,2000,0,5e-05,20000000,2758400.0,1280960.0,759360.0,508800.0,0.5232558139534884,0.3333333333333333
356,17,87,37,50,24.02,17,11,6,25.94,123536,54376,33000,22104,7,0,51,5,241227-100907_Run_3_Idx_39459,2000,0,5e-05,20000000,2470720.0,1087520.0,660000.0,442080.0,0.5747126436781609,0.35294117647058826
357,18,90,39,51,24.31,15,12,3,26.47,138288,58808,30200,23744,7,0,51,5,241227-100907_Run_3_Idx_39459,2000,0,5e-05,20000000,2765760.0,1176160.0,604000.0,474880.0,0.5666666666666667,0.2
358,19,94,40,54,24.28,18,12,6,26.22,152584,61656,35792,22880,7,0,51,5,241227-100907_Run_3_Idx_39459,2000,0,5e-05,20000000,3051680.0,1233120.0,715840.0,457600.0,0.574468085106383,0.3333333333333333
359,20,92,38,54,24.8,24,12,12,26.79,139944,56600,48960,25152,7,0,51,5,241227-100907_Run_3_Idx_39459,2000,0,5e-05,20000000,2798880.0,1132000.0,979200.0,503040.0,0.5869565217391305,0.5
360,1,92,29,63,24.43,20,7,13,26.4,127040,40056,40928,13720,7,2000000,51,5,241227-101315_Run_11_Idx_11349,2000,2000000,5e-05,20000000,2540800.0,801120.0,818560.0,274400.0,0.6847826086956522,0.65
361,2,93,29,64,23.72,21,7,14,26.05,119008,36520,43848,13848,7,2000000,51,5,241227-101315_Run_11_Idx_11349,2000,2000000,5e-05,20000000,2380160.0,730400.0,876960.0,276960.0,0.6881720430107527,0.6666666666666666
362,3,79,25,54,23.99,23,7,16,26.57,102752,32224,46296,13176,7,2000000,51,5,241227-101315_Run_11_Idx_11349,2000,2000000,5e-05,20000000,2055040.0,644480.0,925920.0,263520.0,0.6835443037974683,0.6956521739130435
363,4,90,28,62,24.2,20,7,13,26.2,119448,37056,38752,12472,7,2000000,51,5,241227-101315_Run_11_Idx_11349,2000,2000000,5e-05,20000000,2388960.0,741120.0,775040.0,249440.0,0.6888888888888889,0.65
364,5,95,30,65,23.85,21,7,14,25.86,132936,41344,38152,12216,7,2000000,51,5,241227-101315_Run_11_Idx_11349,2000,2000000,5e-05,20000000,2658720.0,826880.0,763040.0,244320.0,0.6842105263157895,0.6666666666666666
365,6,85,27,58,23.71,21,7,14,25.86,112632,34008,37032,11960,7,2000000,51,5,241227-101315_Run_11_Idx_11349,2000,2000000,5e-05,20000000,2252640.0,680160.0,740640.0,239200.0,0.6823529411764706,0.6666666666666666
366,7,94,29,65,24.6,18,7,11,26.56,125816,38200,36304,12632,7,2000000,51,5,241227-101315_Run_11_Idx_11349,2000,2000000,5e-05,20000000,2516320.0,764000.0,726080.0,252640.0,0.6914893617021277,0.6111111111111112
367,8,94,30,64,23.72,16,6,10,26.0,123192,37888,29984,10864,7,2000000,51,5,241227-101315_Run_11_Idx_11349,2000,2000000,5e-05,20000000,2463840.0,757760.0,599680.0,217280.0,0.6808510638297872,0.625
368,9,83,28,55,23.8,18,6,12,25.89,119152,37416,35344,11152,7,2000000,51,5,241227-101315_Run_11_Idx_11349,2000,2000000,5e-05,20000000,2383040.0,748320.0,706880.0,223040.0,0.6626506024096386,0.6666666666666666
369,10,94,30,64,24.23,18,6,12,26.22,132752,40840,34864,10672,7,2000000,51,5,241227-101315_Run_11_Idx_11349,2000,2000000,5e-05,20000000,2655040.0,816800.0,697280.0,213440.0,0.6808510638297872,0.6666666666666666
370,11,89,28,61,24.07,16,6,10,26.06,129656,39088,30272,10960,7,2000000,51,5,241227-101315_Run_11_Idx_11349,2000,2000000,5e-05,20000000,2593120.0,781760.0,605440.0,219200.0,0.6853932584269663,0.625
371,12,89,28,61,24.15,20,6,14,26.7,122920,37696,37632,10608,7,2000000,51,5,241227-101315_Run_11_Idx_11349,2000,2000000,5e-05,20000000,2458400.0,753920.0,752640.0,212160.0,0.6853932584269663,0.7
372,13,95,28,67,24.07,18,6,12,25.89,122736,35408,34432,9760,7,2000000,51,5,241227-101315_Run_11_Idx_11349,2000,2000000,5e-05,20000000,2454720.0,708160.0,688640.0,195200.0,0.7052631578947368,0.6666666666666666
373,14,92,26,66,23.98,16,4,12,26.0,115160,32920,34432,8608,7,2000000,51,5,241227-101315_Run_11_Idx_11349,2000,2000000,5e-05,20000000,2303200.0,658400.0,688640.0,172160.0,0.717391304347826,0.75
374,15,88,28,60,24.35,22,6,16,26.5,120496,36888,43056,11568,7,2000000,51,5,241227-101315_Run_11_Idx_11349,2000,2000000,5e-05,20000000,2409920.0,737760.0,861120.0,231360.0,0.6818181818181818,0.7272727272727273
375,16,88,27,61,24.09,20,6,14,25.9,119336,36104,39616,11568,7,2000000,51,5,241227-101315_Run_11_Idx_11349,2000,2000000,5e-05,20000000,2386720.0,722080.0,792320.0,231360.0,0.6931818181818182,0.7
376,17,81,26,55,24.11,18,5,13,26.11,114608,34952,36688,10248,7,2000000,51,5,241227-101315_Run_11_Idx_11349,2000,2000000,5e-05,20000000,2292160.0,699040.0,733760.0,204960.0,0.6790123456790124,0.7222222222222222
377,18,84,27,57,23.81,18,5,13,25.67,118440,35976,36432,10120,7,2000000,51,5,241227-101315_Run_11_Idx_11349,2000,2000000,5e-05,20000000,2368800.0,719520.0,728640.0,202400.0,0.6785714285714286,0.7222222222222222
378,19,78,26,52,23.82,17,6,11,26.18,114824,34424,35496,12368,7,2000000,51,5,241227-101315_Run_11_Idx_11349,2000,2000000,5e-05,20000000,2296480.0,688480.0,709920.0,247360.0,0.6666666666666666,0.6470588235294118
379,20,84,26,58,24.57,22,6,16,26.45,113384,34840,45168,12368,7,2000000,51,5,241227-101315_Run_11_Idx_11349,2000,2000000,5e-05,20000000,2267680.0,696800.0,903360.0,247360.0,0.6904761904761905,0.7272727272727273
380,1,49,19,30,24.43,13,4,9,26.69,136912,52856,53320,15952,14,1000000,51,5,241227-100827_Run_8_Idx_77120,2000,1000000,5e-05,20000000,2738240.0,1057120.0,1066400.0,319040.0,0.6122448979591837,0.6923076923076923
381,2,51,19,32,23.86,11,3,8,26.18,147808,53608,46584,12456,14,1000000,51,5,241227-100827_Run_8_Idx_77120,2000,1000000,5e-05,20000000,2956160.0,1072160.0,931680.0,249120.0,0.6274509803921569,0.7272727272727273
382,3,52,17,35,24.38,11,3,8,26.45,159512,50952,49920,13568,14,1000000,51,5,241227-100827_Run_8_Idx_77120,2000,1000000,5e-05,20000000,3190240.0,1019040.0,998400.0,271360.0,0.6730769230769231,0.7272727272727273
383,4,52,16,36,24.42,11,3,8,26.27,152816,44760,49920,13568,14,1000000,51,5,241227-100827_Run_8_Idx_77120,2000,1000000,5e-05,20000000,3056320.0,895200.0,998400.0,271360.0,0.6923076923076923,0.7272727272727273
384,5,53,17,36,24.32,11,3,8,26.27,160976,51152,48640,13312,14,1000000,51,5,241227-100827_Run_8_Idx_77120,2000,1000000,5e-05,20000000,3219520.0,1023040.0,972800.0,266240.0,0.6792452830188679,0.7272727272727273
385,6,52,16,36,24.19,11,3,8,26.09,161904,47400,45472,12456,14,1000000,51,5,241227-100827_Run_8_Idx_77120,2000,1000000,5e-05,20000000,3238080.0,948000.0,909440.0,249120.0,0.6923076923076923,0.7272727272727273
386,7,47,16,31,23.94,11,3,8,25.91,142576,44248,45472,12456,14,1000000,51,5,241227-100827_Run_8_Idx_77120,2000,1000000,5e-05,20000000,2851520.0,884960.0,909440.0,249120.0,0.6595744680851063,0.7272727272727273
387,8,47,16,31,24.02,11,3,8,25.55,138896,44560,44192,12200,14,1000000,51,5,241227-100827_Run_8_Idx_77120,2000,1000000,5e-05,20000000,2777920.0,891200.0,883840.0,244000.0,0.6595744680851063,0.7272727272727273
388,9,51,17,34,24.49,11,3,8,26.27,156008,48104,45216,12456,14,1000000,51,5,241227-100827_Run_8_Idx_77120,2000,1000000,5e-05,20000000,3120160.0,962080.0,904320.0,249120.0,0.6666666666666666,0.7272727272727273
389,10,48,17,31,24.42,11,3,8,26.09,150008,46344,45472,12456,14,1000000,51,5,241227-100827_Run_8_Idx_77120,2000,1000000,5e-05,20000000,3000160.0,926880.0,909440.0,249120.0,0.6458333333333334,0.7272727272727273
390,11,56,19,37,25.04,10,3,7,26.6,182544,60008,41632,12712,14,1000000,51,5,241227-100827_Run_8_Idx_77120,2000,1000000,5e-05,20000000,3650880.0,1200160.0,832640.0,254240.0,0.6607142857142857,0.7
391,12,49,17,32,24.67,8,2,6,26.5,131856,47584,35840,8960,14,1000000,51,5,241227-100827_Run_8_Idx_77120,2000,1000000,5e-05,20000000,2637120.0,951680.0,716800.0,179200.0,0.6530612244897959,0.75
392,13,49,18,31,24.35,10,3,7,26.4,130232,48880,41120,12456,14,1000000,51,5,241227-100827_Run_8_Idx_77120,2000,1000000,5e-05,20000000,2604640.0,977600.0,822400.0,249120.0,0.6326530612244898,0.7
393,14,45,17,28,24.82,10,3,7,26.8,119232,45992,39408,11600,14,1000000,51,5,241227-100827_Run_8_Idx_77120,2000,1000000,5e-05,20000000,2384640.0,919840.0,788160.0,232000.0,0.6222222222222222,0.7
394,15,43,17,26,24.21,8,2,6,26.5,103392,41520,34816,8704,14,1000000,51,5,241227-100827_Run_8_Idx_77120,2000,1000000,5e-05,20000000,2067840.0,830400.0,696320.0,174080.0,0.6046511627906976,0.75
395,16,46,17,29,24.3,8,2,6,26.25,122048,44520,34816,8704,14,1000000,51,5,241227-100827_Run_8_Idx_77120,2000,1000000,5e-05,20000000,2440960.0,890400.0,696320.0,174080.0,0.6304347826086957,0.75
396,17,44,17,27,24.5,9,3,6,26.78,115480,44480,39248,12712,14,1000000,51,5,241227-100827_Run_8_Idx_77120,2000,1000000,5e-05,20000000,2309600.0,889600.0,784960.0,254240.0,0.6136363636363636,0.6666666666666666
397,18,44,18,26,23.68,8,2,6,26.25,98536,43120,36864,9216,14,1000000,51,5,241227-100827_Run_8_Idx_77120,2000,1000000,5e-05,20000000,1970720.0,862400.0,737280.0,184320.0,0.5909090909090909,0.75
398,19,44,20,24,24.18,8,2,6,26.5,106040,47144,36864,9216,14,1000000,51,5,241227-100827_Run_8_Idx_77120,2000,1000000,5e-05,20000000,2120800.0,942880.0,737280.0,184320.0,0.5454545454545454,0.75
399,20,42,18,24,23.76,8,3,5,26.25,109360,46816,33960,12200,14,1000000,51,5,241227-100827_Run_8_Idx_77120,2000,1000000,5e-05,20000000,2187200.0,936320.0,679200.0,244000.0,0.5714285714285714,0.625
400,1,160,137,23,0.8,78,72,6,0.01,4312,3656,1872,1728,2,10000000,51,5,241227-101516_Run_17_Idx_96361,2000,10000000,5e-05,20000000,86240.0,73120.0,37440.0,34560.0,0.14375,0.07692307692307693
401,2,160,137,23,0.88,78,71,7,0.04,4344,3720,1872,1704,2,10000000,51,5,241227-101516_Run_17_Idx_96361,2000,10000000,5e-05,20000000,86880.0,74400.0,37440.0,34080.0,0.14375,0.08974358974358974
402,3,160,137,23,0.69,80,72,8,0.05,4168,3568,1920,1728,2,10000000,51,5,241227-101516_Run_17_Idx_96361,2000,10000000,5e-05,20000000,83360.0,71360.0,38400.0,34560.0,0.14375,0.1
403,4,160,136,24,0.61,77,71,6,0.06,4088,3504,1848,1704,2,10000000,51,5,241227-101516_Run_17_Idx_96361,2000,10000000,5e-05,20000000,81760.0,70080.0,36960.0,34080.0,0.15,0.07792207792207792
404,5,160,137,23,0.7,77,72,5,0.05,4216,3592,1848,1728,2,10000000,51,5,241227-101516_Run_17_Idx_96361,2000,10000000,5e-05,20000000,84320.0,71840.0,36960.0,34560.0,0.14375,0.06493506493506493
405,6,160,140,20,0.8,79,72,7,0.03,4216,3712,1896,1728,2,10000000,51,5,241227-101516_Run_17_Idx_96361,2000,10000000,5e-05,20000000,84320.0,74240.0,37920.0,34560.0,0.125,0.08860759493670886
406,7,160,141,19,0.83,79,71,8,0.01,4272,3760,1896,1704,2,10000000,51,5,241227-101516_Run_17_Idx_96361,2000,10000000,5e-05,20000000,85440.0,75200.0,37920.0,34080.0,0.11875,0.10126582278481013
407,8,160,141,19,0.76,78,72,6,0.03,4152,3680,1872,1728,2,10000000,51,5,241227-101516_Run_17_Idx_96361,2000,10000000,5e-05,20000000,83040.0,73600.0,37440.0,34560.0,0.11875,0.07692307692307693
408,9,160,140,20,0.92,81,72,9,0.05,4416,3856,1944,1728,2,10000000,51,5,241227-101516_Run_17_Idx_96361,2000,10000000,5e-05,20000000,88320.0,77120.0,38880.0,34560.0,0.125,0.1111111111111111
409,10,160,140,20,0.97,76,69,7,0.05,4416,3840,1824,1656,2,10000000,51,5,241227-101516_Run_17_Idx_96361,2000,10000000,5e-05,20000000,88320.0,76800.0,36480.0,33120.0,0.125,0.09210526315789473
410,11,160,139,21,0.68,79,72,7,0.06,4224,3624,1896,1728,2,10000000,51,5,241227-101516_Run_17_Idx_96361,2000,10000000,5e-05,20000000,84480.0,72480.0,37920.0,34560.0,0.13125,0.08860759493670886
411,12,160,138,22,0.69,79,70,9,0.05,4168,3576,1896,1680,2,10000000,51,5,241227-101516_Run_17_Idx_96361,2000,10000000,5e-05,20000000,83360.0,71520.0,37920.0,33600.0,0.1375,0.11392405063291139
412,13,160,133,27,0.67,78,71,7,0.03,4216,3552,1872,1704,2,10000000,51,5,241227-101516_Run_17_Idx_96361,2000,10000000,5e-05,20000000,84320.0,71040.0,37440.0,34080.0,0.16875,0.08974358974358974
413,14,160,137,23,0.61,80,70,10,0.0,4096,3528,1920,1680,2,10000000,51,5,241227-101516_Run_17_Idx_96361,2000,10000000,5e-05,20000000,81920.0,70560.0,38400.0,33600.0,0.14375,0.125
414,15,160,133,27,0.57,81,72,9,0.02,4160,3416,1944,1728,2,10000000,51,5,241227-101516_Run_17_Idx_96361,2000,10000000,5e-05,20000000,83200.0,68320.0,38880.0,34560.0,0.16875,0.1111111111111111
415,16,160,138,22,0.7,82,72,10,0.05,4184,3616,1968,1728,2,10000000,51,5,241227-101516_Run_17_Idx_96361,2000,10000000,5e-05,20000000,83680.0,72320.0,39360.0,34560.0,0.1375,0.12195121951219512
416,17,160,138,22,0.75,78,72,6,0.06,4296,3656,1872,1728,2,10000000,51,5,241227-101516_Run_17_Idx_96361,2000,10000000,5e-05,20000000,85920.0,73120.0,37440.0,34560.0,0.1375,0.07692307692307693
417,18,160,140,20,0.71,79,71,8,0.05,4184,3664,1896,1704,2,10000000,51,5,241227-101516_Run_17_Idx_96361,2000,10000000,5e-05,20000000,83680.0,73280.0,37920.0,34080.0,0.125,0.10126582278481013
418,19,160,141,19,0.79,83,72,11,0.04,4184,3680,1992,1728,2,10000000,51,5,241227-101516_Run_17_Idx_96361,2000,10000000,5e-05,20000000,83680.0,73600.0,39840.0,34560.0,0.11875,0.13253012048192772
419,20,160,136,24,0.75,80,71,9,0.01,4200,3560,1920,1704,2,10000000,51,5,241227-101516_Run_17_Idx_96361,2000,10000000,5e-05,20000000,84000.0,71200.0,38400.0,34080.0,0.15,0.1125
